구,동,공사명,신청자,처리상태,도로,포장,주소,착공일,준공일,공사일수
성동구,행당동,동북선도시철도1공구 101정거장 특별피난계단,인터넷 개인굴착 그룹,신청자접수완료,특별시도,차도/보도,성동구 행당동   192-8 ~ 행당동   192-40,,,
종로구,이화동,이화동149번지 하수관연결공사,인터넷 개인굴착 그룹,착공계 접수,구도,차도/보도,종로구 이화동   149 ~ 이화동   149,2022-06-15,2022-06-19,4.0
성북구,길음동,길음역세권 주택재개발사업중(지하연결통로공사),인터넷 개인굴착 그룹,허가,구도,차도,성북구 길음동   875-1 ~ 길음동   875-1,,,
성북구,길음동,길음역세권 주택재개발사업중(지하연결통로공사),인터넷 개인굴착 그룹,허가,특별시도,보도,성북구 길음동   541-6 ~ 길음동   541-154,,,
금천구,시흥동,신안산선 복선전철 3-1공구,인터넷 개인굴착 그룹,착공계 접수,특별시도,보도,금천구 시흥동   1001-11 ~ 시흥동   1001-11,2021-11-15,2021-11-30,15.0
노원구,중계동,동북선 도시철도 민간투자사업 4공구,인터넷 개인굴착 그룹,착공계 접수,기타,보도,노원구 중계동   591 ~ 중계동   591,2021-09-03,2024-12-31,1215.0
노원구,중계동,동북선 도시철도 민간투자사업 4공구,인터넷 개인굴착 그룹,착공계 접수,특별시도,보도,노원구 중계동   370 ~ 중계동   370,2021-09-03,2024-12-31,1215.0
노원구,중계동,동북선 도시철도 민간투자사업 4공구,인터넷 개인굴착 그룹,착공계 접수,구도,보도,노원구 중계동   430-36 ~ 중계동   430-36,2021-09-03,2024-12-31,1215.0
노원구,중계동,동북선 도시철도 민간투자사업 4공구,인터넷 개인굴착 그룹,착공계 접수,특별시도,보도,노원구 중계동   369-1 ~ 중계동   369-1,2021-09-03,2024-12-31,1215.0
노원구,중계동,동북선 도시철도 민간투자사업 4공구,인터넷 개인굴착 그룹,착공계 접수,구도,차도,노원구 중계동   364-16 ~ 중계동   364-16,2021-09-03,2024-12-31,1215.0
노원구,중계동,동북선 도시철도 민간투자사업 4공구,인터넷 개인굴착 그룹,착공계 접수,구도,보도,노원구 중계동   360-4 ~ 중계동   360-4,2021-09-03,2024-12-31,1215.0
금천구,시흥동,신안산선 복선전철 민간투자사업 제3-1공구,인터넷 개인굴착 그룹,착공계 접수,특별시도,차도,금천구 시흥동   1001-11 ~ 시흥동   1001-12,2021-08-20,2025-04-09,1328.0
금천구,시흥동,신안산선 복선전철 민간투자사업 제3-1공구,인터넷 개인굴착 그룹,착공계 접수,특별시도,차도,금천구 시흥동   1001-9 ~ 시흥동   1001-12,2021-08-20,2025-04-09,1328.0
금천구,시흥동,신안산선 복선전철 민간투자사업 제3-1공구,인터넷 개인굴착 그룹,착공계 접수,특별시도,차도,금천구 시흥동   1001-7 ~ 시흥동   1001-9,2021-08-20,2025-04-09,1328.0
금천구,시흥동,신안산선 복선전철 민간투자사업 제3-1공구,인터넷 개인굴착 그룹,착공계 접수,특별시도,차도,금천구 시흥동   1001-11 ~ 시흥동   1001-11,2021-08-20,2025-04-09,1328.0
금천구,시흥동,신안산선 복선전철 3-1공구,인터넷 개인굴착 그룹,착공계 접수,특별시도,보도,금천구 시흥동   1000-71 ~ 시흥동   1000-71,2021-08-03,2025-04-09,1345.0
금천구,시흥동,신안산선 복선전철 3-1공구,인터넷 개인굴착 그룹,착공계 접수,특별시도,차도,금천구 시흥동   1000-71 ~ 시흥동   1000-71,2021-08-03,2025-04-09,1345.0
금천구,시흥동,신안산선 복선전철 3-1공구,인터넷 개인굴착 그룹,착공계 접수,특별시도,보도,금천구 시흥동   1000-71 ~ 시흥동   1000-71,2021-08-03,2025-04-09,1345.0
금천구,시흥동,신안산선 복선전철 3-1공구,인터넷 개인굴착 그룹,착공계 접수,특별시도,보도,금천구 시흥동   1000-71 ~ 시흥동   1000-71,2021-08-03,2025-04-09,1345.0
금천구,시흥동,신안산선 복선전철 3-1공구,인터넷 개인굴착 그룹,착공계 접수,특별시도,차도,금천구 시흥동   1000-71 ~ 시흥동   1000-73,2021-08-03,2025-04-09,1345.0
금천구,시흥동,신안산선 복선전철 3-1공구,인터넷 개인굴착 그룹,착공계 접수,특별시도,차도,금천구 시흥동   1000-71 ~ 시흥동   1000-71,2021-08-03,2025-04-09,1345.0
금천구,시흥동,신안산선 복선전철 3-1공구,인터넷 개인굴착 그룹,착공계 접수,특별시도,보도,금천구 시흥동   1000-71 ~ 시흥동   1000-71,2021-08-03,2025-04-09,1345.0
금천구,시흥동,신안산선 복선전철 3-1공구,인터넷 개인굴착 그룹,착공계 접수,구도,차도,금천구 시흥동   1000-70 ~ 시흥동   1000-70,2021-08-03,2025-04-09,1345.0
금천구,시흥동,신안산선 복선전철 3-1공구,인터넷 개인굴착 그룹,착공계 접수,구도,차도,금천구 시흥동   1000-70 ~ 시흥동   1000-70,2021-08-03,2025-04-09,1345.0
금천구,시흥동,신안산선 복선전철 3-1공구,인터넷 개인굴착 그룹,착공계 접수,구도,차도,금천구 시흥동   1000-70 ~ 시흥동   1000-70,2021-08-03,2025-04-09,1345.0
금천구,시흥동,신안산선 복선전철 3-1공구,인터넷 개인굴착 그룹,착공계 접수,특별시도,보도,금천구 시흥동   1000-71 ~ 시흥동   1000-71,2021-08-03,2025-04-09,1345.0
성북구,장위동,동북선도시철도건설공사(3공구),인터넷 개인굴착 그룹,착공계 접수,특별시도,보도,성북구 장위동   316-7 ~ 장위동   316-7,2020-12-21,2025-12-31,1836.0
성북구,장위동,동북선도시철도건설공사(3공구),인터넷 개인굴착 그룹,착공계 접수,특별시도,차도,성북구 장위동   311-9 ~ 장위동   311-20,2020-12-21,2025-12-31,1836.0
성북구,장위동,동북선도시철도건설공사(3공구),인터넷 개인굴착 그룹,착공계 접수,특별시도,보도,성북구 장위동   310-18 ~ 장위동   310-22,2020-12-21,2025-12-31,1836.0
성북구,장위동,동북선도시철도건설공사(3공구),인터넷 개인굴착 그룹,착공계 접수,특별시도,차도,성북구 장위동   310-18 ~ 장위동   310-22,2020-12-21,2025-12-31,1836.0
성북구,장위동,동북선도시철도건설공사(3공구),인터넷 개인굴착 그룹,착공계 접수,특별시도,보도,성북구 장위동   319-3 ~ 장위동   319-3,2020-12-21,2025-12-31,1836.0
노원구,중계동,동북선 도시철도 민간투자사업(4공구),인터넷 개인굴착 그룹,착공계 접수,특별시도,차도,노원구 중계동   한글비석로262 ~ 상계동   173,2020-12-15,2025-10-07,1757.0
강북구,번동,동북선도시철도건설공사(3공구),인터넷 개인굴착 그룹,착공계 접수,특별시도,차도,강북구 번동   56-1 ~ 번동   612-9,2020-12-21,2025-12-31,1836.0
강북구,번동,동북선도시철도건설공사(3공구),인터넷 개인굴착 그룹,착공계 접수,특별시도,차도,강북구 번동   89-1 ~ 번동   97-1,2020-12-21,2025-12-31,1836.0
강북구,번동,동북선 도시철도 민간투자사업 건설공사(2공구),인터넷 개인굴착 그룹,착공계 접수,특별시도,차도,"강북구 번동   월계로 173 ~ 번동   83-12, 번동 83-13",2020-12-12,2025-12-31,1845.0
강북구,미아동,동북선 도시철도 민간투자사업 건설공사(2공구),인터넷 개인굴착 그룹,착공계 접수,특별시도,차도,"강북구 미아동   1318-1, 미아동 1317-10 ~ 미아동   8-361",2020-12-12,2025-12-31,1845.0
강북구,미아동,동북선 도시철도 민간투자사업 건설공사(2공구),인터넷 개인굴착 그룹,착공계 접수,특별시도,차도,"강북구 미아동   14-2, 미아동 864-38 ~ 미아동   13-23",2020-12-12,2025-12-31,1845.0
강북구,미아동,동북선 도시철도 민간투자사업 건설공사(2공구),인터넷 개인굴착 그룹,착공계 접수,특별시도,차도,강북구 미아동   도봉로 36-1 ~ 미아동   도봉로 45-1,2020-12-12,2025-12-31,1845.0
성북구,하월곡동,동북선 도시철도 민간투자사업 건설공사(2공구),인터넷 개인굴착 그룹,착공계 접수,특별시도,보도,"성북구 하월곡동   98-4, 산2-77, 98-7 ~ 하월곡동   225-10, 8-361",2020-12-14,2025-12-31,1843.0
성북구,하월곡동,동북선 도시철도 민간투자사업 건설공사(2공구),인터넷 개인굴착 그룹,착공계 접수,특별시도,차도,"성북구 하월곡동   98-4,산2-77, 산2-76, 산2-129, 98-7, 225-10 ~ 하월곡동   산1-2, 산1-3, 98-6, 산1-1, 98-5, 98-10, 77-25, 8-361",2020-12-14,2025-12-31,1843.0
성북구,길음동,동북선 도시철도 민간투자사업 건설공사(2공구),인터넷 개인굴착 그룹,착공계 접수,특별시도,보도,성북구 길음동   33-1 ~ 길음동   33-1,2020-12-14,2025-12-31,1843.0
성북구,길음동,동북선 도시철도 민간투자사업 건설공사(2공구),인터넷 개인굴착 그룹,착공계 접수,특별시도,차도,"성북구 길음동   864-1, 864-37 ~ 길음동   33-1, 35-31",2020-12-14,2025-12-31,1843.0
성북구,하월곡동,동북선 도시철도 민간투자사업 건설공사(2공구),인터넷 개인굴착 그룹,착공계 접수,특별시도,차도,"성북구 하월곡동   88-5, 88-1, 103, 0-11, 200, 104-161, 104-143 ~ 길음동   15-3, 860-64",2020-12-14,2025-12-31,1843.0
성북구,하월곡동,동북선 도시철도 민간투자사업 건설공사(2공구),인터넷 개인굴착 그룹,착공계 접수,특별시도,보도,성북구 하월곡동   230-2 ~ 하월곡동   230-2,2020-12-14,2025-12-31,1843.0
성북구,하월곡동,동북선 도시철도 민간투자사업 건설공사(2공구),인터넷 개인굴착 그룹,착공계 접수,특별시도,차도,"성북구 하월곡동   오패산로 1가길 17-1, 88-5 ~ 하월곡동   230-2, 230-1",2020-12-14,2025-12-31,1843.0
성북구,종암동,동북선 도시철도 민간투자사업 건설공사(2공구),인터넷 개인굴착 그룹,착공계 접수,특별시도,보도,"성북구 종암동   종암로 127-1, 3-173, 3-700, 132-2 ~ 종암동   3-1037, 3-1038, 3-54",2020-12-14,2025-12-31,1843.0
성북구,종암동,동북선 도시철도 민간투자사업 건설공사(2공구),인터넷 개인굴착 그룹,착공계 접수,특별시도,차도,"성북구 종암동   종암로127-1, 3-173 ~ 종암동   3-54, 3-1288",2020-12-14,2025-12-31,1843.0
성북구,종암동,동북선 도시철도 민간투자사업 건설공사(2공구),인터넷 개인굴착 그룹,착공계 접수,특별시도,보도,성북구 종암동   15-6 ~ 종암동   15-6,2020-12-14,2025-12-31,1843.0
성북구,종암동,동북선 도시철도 민간투자사업 건설공사(2공구),인터넷 개인굴착 그룹,착공계 접수,특별시도,차도,성북구 종암동   15-6 ~ 종암동   68-3,2020-12-14,2025-12-31,1843.0
성북구,종암동,동북선 도시철도 민간투자사업 건설공사(2공구),인터넷 개인굴착 그룹,착공계 접수,특별시도,보도,"성북구 종암동   종암로 701, 13-3 ~ 종암동   45-215",2020-12-14,2025-12-31,1843.0
성북구,종암동,동북선 도시철도 민간투자사업 건설공사(2공구),인터넷 개인굴착 그룹,착공계 접수,특별시도,차도,"성북구 종암동   종암로 70-1, 종암동 13-3 ~ 종암동   종암동 45-215, 종암동 15-2",2020-12-14,2025-12-31,1843.0
성북구,종암동,동북선 도시철도 민간투자사업 건설공사(1공구),인터넷 개인굴착 그룹,착공계 접수,특별시도,보도,성북구 종암동   23-10도 ~ 종암동   18-346구,2022-04-01,2026-07-14,1565.0
성북구,종암동,동북선 도시철도 민간투자사업 건설공사(1공구),인터넷 개인굴착 그룹,착공계 접수,특별시도,차도,성북구 종암동   12-33도 ~ 종암동   12-23도,2022-04-01,2026-07-14,1565.0
성북구,종암동,동북선 도시철도 민간투자사업 건설공사(1공구),인터넷 개인굴착 그룹,착공계 접수,특별시도,차도,성북구 종암동   29-18도 ~ 종암동   136-207도,2022-04-01,2026-07-14,1565.0
동대문구,제기동,동북선 도시철도 민간투자사업 건설공사(1공구),인터넷 개인굴착 그룹,착공계 접수,특별시도,차도/보도,동대문구 제기동   136-207도 ~ 제기동   136-354도,2022-04-01,2026-07-14,1565.0
동대문구,제기동,동북선 도시철도 민간투자사업 건설공사(1공구),인터넷 개인굴착 그룹,착공계 접수,특별시도,차도/보도,동대문구 제기동   856도 ~ 제기동   728-3대,2022-04-01,2026-07-14,1565.0
동대문구,용두동,동북선 도시철도 민간투자사업 건설공사(1공구),인터넷 개인굴착 그룹,착공계 접수,특별시도,차도/보도,동대문구 용두동   17-1도 ~ 제기동   856도,2022-04-01,2026-07-14,1565.0
동대문구,용두동,동북선 도시철도 민간투자사업 건설공사(1공구),인터넷 개인굴착 그룹,착공계 접수,특별시도,차도/보도,동대문구 용두동   47-1도 ~ 용두동   47-38도,2022-04-01,2026-07-14,1565.0
동대문구,용두동,동북선 도시철도 민간투자사업 건설공사(1공구),인터넷 개인굴착 그룹,착공계 접수,특별시도,차도/보도,동대문구 용두동   47-1도 ~ 용두동   791-2공,2022-04-01,2026-07-14,1565.0
강남구,청담동,수도권광역급행철도 A노선 본선환기구#24 공사,인터넷 개인굴착 그룹,착공계 접수,특별시도,차도,강남구 청담동   77도 ~ 청담동   77-4도,2020-08-27,2025-06-30,1768.0
서대문구,연희동,사천 빗물펌프장 터파기,서대문구,착공계 접수,특별시도,차도,서대문구 연희동   446-92 ~ 연희동   446-92,2021-01-07,2022-06-30,539.0
마포구,대흥동,6호선 대흥역 승강편의시설 설치공사(60공구),서울교통공사,협의완료,특별시도,차도/보도,마포구 대흥동   161-2 ~ 대흥동   216-5,,,
송파구,잠실동,올림픽로35길 장기사용 송배수관 정비공사,서울시 상수도사업본부(시설건설과),신청자접수완료,특별시도,차도,송파구 잠실동   31(잠실대교남단삼거리 횡단) ~ 잠실동   31(잠실대교남단삼거리 횡단,,,
송파구,신천동,올림픽로35길 장기사용 송배수관 정비공사,서울시 상수도사업본부(시설건설과),신청자접수완료,특별시도,차도,송파구 신천동   송파대로 570 (잠실대교남단사거리) ~ 신천동   올림픽로35길 93(잠실나루사거리,,,
송파구,신천동,올림픽로35길 장기사용 송배수관 정비공사,서울시 상수도사업본부(시설건설과),신청자접수완료,특별시도,차도,송파구 신천동   올림픽로35길 93(잠실나루사거리) ~ 신천동   올림픽로 417(올림픽회관 사거리,,,
송파구,잠실동,송파대로 장기사용 송배수관 정비공사,서울시 상수도사업본부(시설건설과),신청자접수완료,특별시도,차도,송파구 잠실동   31(잠실역 북측 횡단) ~ 잠실동   31(잠실역 북측 횡단,,,
송파구,잠실동,송파대로 장기사용 송배수관 정비공사,서울시 상수도사업본부(시설건설과),신청자접수완료,특별시도,차도,송파구 잠실동   31(잠실대교 남단사거리) ~ 잠실동   31(잠실역사거리,,,
송파구,잠실동,송파대로 장기사용 송배수관 정비공사,서울시 상수도사업본부(시설건설과),신청자접수완료,특별시도,차도,"송파구 잠실동   31(횡단, 올림픽로 지하 196) ~ 잠실동   31",,,
송파구,잠실동,송파대로 장기사용 송배수관 정비공사,서울시 상수도사업본부(시설건설과),신청자접수완료,특별시도,보도,송파구 잠실동   송파대로 551-2(주공5단지 코너) ~ 잠실동   올림픽로 지하196,,,
용산구,갈월동,경부선 원효가도교 개량공사,국가철도공단 수도권본부,신청자접수완료,구도,차도,용산구 갈월동   96-1번지 ~ 갈월동   96-1번지,,,
용산구,갈월동,경부선 원효가도교 개량공사,국가철도공단 수도권본부,신청자접수완료,구도,차도,용산구 갈월동   96-1번지 ~ 갈월동   96-1번지,,,
금천구,가산동,7호선 가산디지털단지역 4번 출입구 승강편의시설 설치공사(53공구),서울교통공사,협의요청,구도,차도/보도,금천구 가산동   60-66 ~ 가산동   60-15,,,
종로구,수송동,수송동 80-7 관로공사,㈜KT 서울북부마케팅단 광화문지사,허가,구도,차도/보도,종로구 수송동   80-7 ~ 수송동   80-7,,,
도봉구,창동,서울도봉 자운고등학교 통학로 지중화공사 관로,SK브로드밴드,허가,구도,차도/보도,도봉구 창동   1-12 ~ 창동   1-12,,,
도봉구,창동,서울도봉 자운고등학교 통학로 지중화공사 관로,SK브로드밴드,허가,구도,차도/보도,도봉구 창동   807-1 ~ 창동   1-12,,,
종로구,관철동,관철동 조선냉장 고압 신규고객,한국전력공사 서울지역본부(전력사업처),신청자접수완료,구도,차도,종로구 관철동   24 ~ 관철동   24,,,
서대문구,냉천동,교남동 일대 저압선로 고장 복구공사(본)(윤태환),한국전력공사 서울지역본부(전력사업처),협의요청,특별시도,차도,서대문구 냉천동   204-1 ~ 냉천동   237,,,
동작구,대방동,@노량진SW 132 변압기라인 간선화공사,한국전력공사 관악동작지사,검토완료,특별시도,보도,동작구 대방동   338-6@ ~ 대방동   338-6@,,,
영등포구,양평동3가,목동교~도림천 간 장기사용 송배수관 정비공사,서울시 상수도사업본부(시설건설과),신청자접수완료,구도,보도,영등포구 양평동3가   29-3 ~ 양평동3가   29-3,,,
서초구,반포동,"반포동1-19 신반포3차 문화시설 일반용(을)고압A 600kW 신설(기대, 황건웅)",한국전력공사 서초지사,허가,구도,차도,서초구 반포동   1-19 ~ 반포동   1-19,,,
영등포구,양평동4가,목동교~도림천 간 장기사용 송배수관 정비공사,서울시 상수도사업본부(시설건설과),신청자접수완료,구도,차도,영등포구 양평동4가   20-4 ~ 양평동4가   20-4,,,
도봉구,창동,도봉구 자운고등학교 통학로 지중화공사,한국전력공사 서울지역본부(전력사업처),협의요청,구도,보도,도봉구 창동   1-12 ~ 창동   1-12,,,
도봉구,창동,도봉구 자운고등학교 통학로 지중화공사,한국전력공사 서울지역본부(전력사업처),협의요청,기타,보도,도봉구 창동   1-12 ~ 창동   1-12,,,
도봉구,창동,도봉구 자운고등학교 통학로 지중화공사,한국전력공사 서울지역본부(전력사업처),협의요청,구도,차도,도봉구 창동   1-12 ~ 창동   1-12,,,
도봉구,창동,도봉구 자운고등학교 통학로 지중화공사,한국전력공사 서울지역본부(전력사업처),협의요청,구도,차도,도봉구 창동   1-12 ~ 창동   1-12,,,
도봉구,창동,도봉구 자운고등학교 통학로 지중화공사,한국전력공사 서울지역본부(전력사업처),협의요청,구도,차도,도봉구 창동   1-12 ~ 창동   1-12,,,
도봉구,창동,도봉구 자운고등학교 통학로 지중화공사,한국전력공사 서울지역본부(전력사업처),협의요청,구도,보도,도봉구 창동   1-12 ~ 창동   1-12,,,
도봉구,창동,도봉구 자운고등학교 통학로 지중화공사,한국전력공사 서울지역본부(전력사업처),협의요청,구도,차도,도봉구 창동   1-12 ~ 창동   1-12,,,
도봉구,창동,도봉구 자운고등학교 통학로 지중화공사,한국전력공사 서울지역본부(전력사업처),협의요청,구도,보도,도봉구 창동   1-12 ~ 창동   1-12,,,
도봉구,창동,도봉구 자운고등학교 통학로 지중화공사,한국전력공사 서울지역본부(전력사업처),협의요청,구도,보도,도봉구 창동   1-24 ~ 창동   1-24,,,
도봉구,창동,도봉구 자운고등학교 통학로 지중화공사,한국전력공사 서울지역본부(전력사업처),협의요청,구도,보도,도봉구 창동   808 ~ 창동   808,,,
도봉구,창동,도봉구 자운고등학교 통학로 지중화공사,한국전력공사 서울지역본부(전력사업처),협의요청,구도,차도,도봉구 창동   808-3 ~ 창동   808-3,,,
도봉구,창동,도봉구 자운고등학교 통학로 지중화공사,한국전력공사 서울지역본부(전력사업처),협의요청,구도,보도,도봉구 창동   808-1 ~ 창동   808,,,
도봉구,창동,도봉구 자운고등학교 통학로 지중화공사,한국전력공사 서울지역본부(전력사업처),협의요청,구도,보도,도봉구 창동   1번지 ~ 창동   1번지,,,
도봉구,창동,도봉구 자운고등학교 통학로 지중화공사,한국전력공사 서울지역본부(전력사업처),협의요청,구도,차도,도봉구 창동   808-2 ~ 창동   808-2,,,
도봉구,창동,도봉구 자운고등학교 통학로 지중화공사,한국전력공사 서울지역본부(전력사업처),협의요청,구도,차도,도봉구 창동   808-3 ~ 창동   808-3,,,
도봉구,창동,도봉구 자운고등학교 통학로 지중화공사,한국전력공사 서울지역본부(전력사업처),협의요청,구도,차도,도봉구 창동   807-1 ~ 창동   1-12,,,
구로구,구로동,남구로역 승강?의시설 설치공사(51공구),서울교통공사,협의요청,구도,차도,구로구 구로동   772번지 일원 남구로역 1번 출입구 인근 ~ 구로동   772번지 일원 남구로역 1번 출입구 인근,,,
구로구,구로동,남구로역 승강?의시설 설치공사(51공구),서울교통공사,협의요청,구도,차도/보도,구로구 구로동   772번지 일원 남구로역 1번 출입구 인근 ~ 구로동   772번지 일원 남구로역 1번 출입구 인근,,,
서초구,서초동,"서초동1445-1 마스턴제65호서초 주택용 1500kW 신설(대선, 황건웅)",한국전력공사 서초지사,협의요청,구도,차도/보도,서초구 서초동   1445-1 ~ 서초동   1445-1,,,
영등포구,양평동2가,양평동2가29-6 대영채비(주) 저압430kw 신설공사 원흥 정서현,한국전력공사 남서울사업본부(직할),신청자접수완료,구도,보도,영등포구 양평동2가   29-6 ~ 양평동2가   29-6,,,
종로구,원남동,원남동20 서울대학교병원 지장주 공사(더빛남-홍민기)13512,한국전력공사 서울사업본부(직할),협의요청,구도,보도,종로구 원남동   20 전주 ~ 원남동   20 전주,,,
종로구,원남동,원남동20 서울대학교병원 지장주 공사(더빛남-홍민기)13512,한국전력공사 서울사업본부(직할),협의요청,구도,보도,종로구 원남동   20 관로 ~ 원남동   20 관로,,,
서초구,서초동,"장기사용 배급수관 정비공사(서초동 1492-13, 관로부설, A-2)-최경철",강남수도사업소(시설관리과),협의요청,구도,차도,서초구 서초동   1492-13 ~ 서초동   1492-13,,,
서초구,서초동,"장기사용 배급수관 정비공사(서초동 1492-13, 시험굴착, A-2)-최경철",강남수도사업소(시설관리과),협의요청,구도,차도,서초구 서초동   1492-13 ~ 서초동   1492-13,,,
서초구,서초동,"장기사용 배급수관 정비공사(서초동 1492-13, 시험굴착, A-2)-최경철",강남수도사업소(시설관리과),협의요청,구도,차도,서초구 서초동   1492-13 ~ 서초동   1492-13,,,
동작구,노량진동,노들로 구조개선사업 전기공사,서울특별시 도시기반시설본부 설비부,협의요청,특별시도,차도,동작구 노량진동   13-4 ~ 노량진동   13-4,,,
동작구,노량진동,노들로 구조개선사업 전기공사,서울특별시 도시기반시설본부 설비부,협의요청,특별시도,차도,동작구 노량진동   13-4 ~ 노량진동   13-4,,,
동작구,노량진동,노들로 구조개선사업 전기공사,서울특별시 도시기반시설본부 설비부,협의요청,특별시도,차도,동작구 노량진동   13-4 ~ 노량진동   13-4,,,
동작구,노량진동,노들로 구조개선사업 전기공사,서울특별시 도시기반시설본부 설비부,협의요청,특별시도,차도,동작구 노량진동   13-4 ~ 노량진동   13-4,,,
동작구,노량진동,노들로 구조개선사업 전기공사,서울특별시 도시기반시설본부 설비부,협의요청,특별시도,차도,동작구 노량진동   13-4 ~ 노량진동   13-4,,,
동작구,노량진동,노들로 구조개선사업 전기공사,서울특별시 도시기반시설본부 설비부,협의요청,특별시도,차도,동작구 노량진동   19-23 ~ 노량진동   19-23,,,
동작구,노량진동,노들로 구조개선사업 전기공사,서울특별시 도시기반시설본부 설비부,협의요청,특별시도,차도,동작구 노량진동   19-23 ~ 노량진동   19-23,,,
동작구,노량진동,노들로 구조개선사업 전기공사,서울특별시 도시기반시설본부 설비부,협의요청,특별시도,차도,동작구 노량진동   320-1 ~ 노량진동   320-1,,,
동작구,노량진동,노들로 구조개선사업 전기공사,서울특별시 도시기반시설본부 설비부,협의요청,특별시도,차도,동작구 노량진동   320-1 ~ 노량진동   320-1,,,
강남구,도곡동,강남구 도곡동 946-11번지 앞 도시가스 인입관 공사,코원에너지서비스(주),허가증 교부,구도,차도,강남구 도곡동   946-11 ~ 도곡동   946-11,,,
노원구,공릉동,5호선 거여 외 2역 승강편의시설 설치공사(47공구),서울교통공사,신청자접수완료,특별시도,보도,노원구 공릉동   89-2 ~ 공릉동   89-2,,,
종로구,홍지동,홍지동127-36번지 통신전주인입공사,㈜KT 서울북부마케팅단 홍제지사,착공계 접수,구도,차도,종로구 홍지동   127-36 ~ 홍지동   127-36,2022-06-13,2022-07-30,47.0
은평구,대조동,대조동 일대 침수지역 하수관로 성능향상사업(2차),은평구 치수과,허가,구도,차도,은평구 대조동   연서로18길 150 ~ 대조동   연서로18길 28,,,
강남구,논현동,서울 강남 논현동 40번지 일대 전주철거 지중화 원인자공사,SK브로드밴드,허가,구도,차도,강남구 논현동   학동로19길 8 ~ 논현동   학동로19길 6,,,
강남구,논현동,서울 강남 논현동 40번지 일대 전주철거 지중화 원인자공사,SK브로드밴드,허가,구도,차도,강남구 논현동   논현로131길 43 ~ 논현동   논현로131길 41-6,,,
강남구,논현동,서울 강남 논현동 40번지 일대 전주철거 지중화 원인자공사,SK브로드밴드,허가,구도,차도,강남구 논현동   학동로17길 10 ~ 논현동   학동로19길 8,,,
관악구,신림동,2021년 대학동외 10개동 상수도공사(신림동 1442-4)-소화전,남부수도사업소(급수운영과),허가,구도,차도,관악구 신림동   신림동 1442-4 ~ 신림동   신림동 1442-4,,,
관악구,신림동,2021년 대학동 외 10개동 상수도공사(신림동 1409-8)-소화전,남부수도사업소(급수운영과),허가,구도,차도,관악구 신림동   신림동 1409-8 ~ 신림동   신림동 1409-8,,,
관악구,신림동,2021년 대학동 외 10개동 상수도공사(신림동 1431-22)-소화전,남부수도사업소(급수운영과),허가,구도,차도,관악구 신림동   신림동 1431-22 ~ 신림동   신림동 1431-22,,,
관악구,신림동,2021년 대학동 외 10개동 상수도공사(신림동 10-457)-소화전,남부수도사업소(급수운영과),허가,구도,차도,관악구 신림동   신림동 10-457 ~ 신림동   신림동 10-457,,,
관악구,신림동,2021년 대학동외 10개동 상수도공사(신림동 92-175)-소화전,남부수도사업소(급수운영과),허가,구도,차도,관악구 신림동   신림동 92-175 ~ 신림동   신림동 92-175,,,
관악구,신림동,2021년 대학동외 10개동 상수도공사(신림동 1641-2)-소화전,남부수도사업소(급수운영과),허가,기타,보도,관악구 신림동   신림동 1641-2 ~ 신림동   신림동 1641-2,,,
관악구,신림동,2021년 대학동 외10개동 상수도공사(신림동 108-15)-소화전,남부수도사업소(급수운영과),허가,구도,차도,관악구 신림동   신림동 108-15 ~ 신림동   신림동 108-15,,,
관악구,신림동,2021년 대학동 외 10개동 상수도공사(신림동 408-22)-소화전,남부수도사업소(급수운영과),허가,구도,차도,관악구 신림동   신림동 408-22 ~ 신림동   신림동 408-22,,,
관악구,신림동,2021년 대학동 외 10개동 상수도공사(신림동 103-172)-소화전,남부수도사업소(급수운영과),허가,구도,차도,관악구 신림동   신림동 103-172 ~ 신림동   신림동 103-172,,,
관악구,신림동,2021년 대학동 외 10개동 상수도공사(신림동 103-43)-소화전,남부수도사업소(급수운영과),허가,구도,차도,관악구 신림동   신림동 103-43 ~ 신림동   신림동 103-43,,,
관악구,신림동,2021년 대학동 외 10개동 상수도공사(신림동 1514-11)-소화전,남부수도사업소(급수운영과),허가,구도,차도,관악구 신림동   신림동 1514-11 ~ 신림동   신림동 1514-11,,,
관악구,신림동,2021년 대학동외 10개동 상수도공사(신림동 1525-1)-소화전,남부수도사업소(급수운영과),허가,구도,차도,관악구 신림동   신림동 1525-1 ~ 신림동   신림동 1525-1,,,
관악구,신림동,2021년 대학동 외 10개동 상수도공사(신림동 241-34)-소화전,남부수도사업소(급수운영과),허가,구도,차도,관악구 신림동   신림동 241-34 ~ 신림동   신림동 241-34,,,
서초구,방배동,방배동474-20 일대 하수암거 이설 및 단면확장공사,서초구 물관리과,허가증 교부,구도,차도,서초구 방배동   474-1 ~ 방배동   474-22,,,
관악구,신림동,2021년 대학동 외 10개동 상수도공사(신림동 306-18) - 소화전 보수,남부수도사업소(급수운영과),허가,구도,차도,관악구 신림동   306-18 ~ 신림동   306-18,,,
관악구,신림동,2021년 대학동 외 10개동 상수도공사(신림동 376-18) - 소화전 보수,남부수도사업소(급수운영과),허가,구도,차도,관악구 신림동   376-18 ~ 신림동   376-18,,,
관악구,신림동,2021년 대학동 외 10개동 상수도공사(신림동 484-33) - 소화전보수,남부수도사업소(급수운영과),허가,구도,차도,관악구 신림동   484-33 ~ 신림동   484-33,,,
관악구,신림동,2021년 대학동 외 10개동 상수도공사(신림동 463-49) - 소화전 보수,남부수도사업소(급수운영과),허가,구도,차도,관악구 신림동   463-49 ~ 신림동   463-49,,,
관악구,신림동,2021년 대학동 외 10개동 상수도공사(신림동 1586-1) - 소화전보수,남부수도사업소(급수운영과),허가,특별시도,차도,관악구 신림동   1586-1 ~ 신림동   1586-1,,,
관악구,신림동,2021년 대학동 외 10개동 상수도공사(신림동 1629-44) - 소화전보수,남부수도사업소(급수운영과),허가,구도,차도,관악구 신림동   1629-44 ~ 신림동   1629-44,,,
서초구,서초동,서초구 서초동 1365-8번지 앞 도시가스 인입관 공사,코원에너지서비스(주),허가증 교부,구도,차도,서초구 서초동   1365-8 ~ 서초동   1365-8,,,
강남구,삼성동,선정릉 일대 지중화공사_보도(시도),한국전력공사 남서울사업본부(직할),착공계 접수,구도,보도,강남구 삼성동   테헤란로87길 21 앞 보도 ~ 삼성동   테헤란로87길 21 앞 보도,2022-04-29,2022-10-31,185.0
강남구,삼성동,선정릉 일대 지중화공사_보도(시도),한국전력공사 남서울사업본부(직할),착공계 접수,구도,보도,강남구 삼성동   테헤란로87길 29 앞 보도 ~ 삼성동   테헤란로87길 29 앞 보도,2022-04-29,2022-10-31,185.0
강남구,삼성동,선정릉 일대 지중화공사_보도(시도),한국전력공사 남서울사업본부(직할),착공계 접수,특별시도,보도,강남구 삼성동   삼성로 518 앞 보도 ~ 삼성동   삼성로 518 앞 보도,2022-04-29,2022-10-31,185.0
강남구,삼성동,선정릉 일대 지중화공사_보도(구도),한국전력공사 남서울사업본부(직할),착공계 접수,구도,보도,강남구 삼성동   삼성로96길 20 앞 보도 ~ 삼성동   삼성로96길 20 앞 보도,2022-04-29,2022-10-31,185.0
강남구,삼성동,선정릉 일대 지중화공사_보도(구도),한국전력공사 남서울사업본부(직할),착공계 접수,구도,보도,강남구 삼성동   삼성로96길 20 앞 보도 ~ 삼성동   삼성로96길 20 앞 보도,2022-04-29,2022-10-31,185.0
강남구,삼성동,선정릉 일대 지중화공사_보도(구도),한국전력공사 남서울사업본부(직할),착공계 접수,구도,보도,강남구 삼성동   테헤란로83길 21 앞 보도 ~ 삼성동   테헤란로83길 21 앞 보도,2022-04-29,2022-10-31,185.0
강남구,삼성동,선정릉 일대 지중화공사_보도(구도),한국전력공사 남서울사업본부(직할),착공계 접수,구도,보도,강남구 삼성동   삼성로96길 14 앞 보도 ~ 삼성동   삼성로96길 14 앞 보도,2022-04-29,2022-10-31,185.0
강남구,삼성동,선정릉 일대 지중화공사_보도(구도),한국전력공사 남서울사업본부(직할),착공계 접수,구도,보도,강남구 삼성동   삼성로96길 12 앞 보도 ~ 삼성동   삼성로96길 12 앞 보도,2022-04-29,2022-10-31,185.0
강남구,삼성동,선정릉 일대 지중화공사_보도(구도),한국전력공사 남서울사업본부(직할),착공계 접수,구도,보도,강남구 삼성동   테헤란로81길 26 앞 보도 ~ 삼성동   테헤란로81길 26 앞 보도,2022-04-29,2022-10-31,185.0
강남구,삼성동,선정릉 일대 지중화공사_보도(구도),한국전력공사 남서울사업본부(직할),착공계 접수,구도,보도,강남구 삼성동   삼성로96길 23 앞 보도 ~ 삼성동   삼성로96길 23 앞 보도,2022-04-29,2022-10-31,185.0
강남구,삼성동,선정릉 일대 지중화공사_보도(구도),한국전력공사 남서울사업본부(직할),착공계 접수,구도,보도,강남구 삼성동   삼성로96길 19 앞 보도 ~ 삼성동   삼성로96길 19 앞 보도,2022-04-29,2022-10-31,185.0
강남구,삼성동,선정릉 일대 지중화공사_보도(구도),한국전력공사 남서울사업본부(직할),착공계 접수,구도,보도,강남구 삼성동   삼성로96길 9 앞 보도 ~ 삼성동   삼성로96길 13 앞 보도,2022-04-29,2022-10-31,185.0
강남구,삼성동,선정릉 일대 지중화공사_보도(구도),한국전력공사 남서울사업본부(직할),착공계 접수,구도,보도,강남구 삼성동   삼성로 520 앞 보도 ~ 삼성동   삼성로 520 앞 보도,2022-04-29,2022-10-31,185.0
강남구,삼성동,선정릉 일대 지중화공사_보도(구도),한국전력공사 남서울사업본부(직할),착공계 접수,구도,보도,강남구 삼성동   봉은사로68길 11 앞 맞은편 보도 ~ 삼성동   봉은사로70길 15 옆 맞은편 보도,2022-04-29,2022-10-31,185.0
강남구,삼성동,선정릉 일대 지중화공사_보도(구도),한국전력공사 남서울사업본부(직할),착공계 접수,구도,보도,강남구 삼성동   봉은사로68길 27 앞 맞은편 보도 ~ 삼성동   봉은사로68길 35 앞 맞은편 보도,2022-04-29,2022-10-31,185.0
강남구,삼성동,선정릉 일대 지중화공사_보도(구도),한국전력공사 남서울사업본부(직할),착공계 접수,구도,보도,강남구 삼성동   봉은사로68길 41 앞 맞은편 보도 ~ 삼성동   봉은사로68길 47 앞 맞은편 보도,2022-04-29,2022-10-31,185.0
강남구,삼성동,선정릉 일대 지중화공사_보도(구도),한국전력공사 남서울사업본부(직할),착공계 접수,구도,보도,강남구 삼성동   봉은사로68길 57 앞 맞은편 보도 ~ 삼성동   봉은사로68길 61 앞 맞은편 보도,2022-04-29,2022-10-31,185.0
강남구,삼성동,선정릉 일대 지중화공사_보도(구도),한국전력공사 남서울사업본부(직할),착공계 접수,구도,보도,강남구 삼성동   선릉로100길 42 앞 보도 ~ 삼성동   삼성로95길 14 앞 맞은편 보도,2022-04-29,2022-10-31,185.0
강남구,삼성동,선정릉 일대 지중화공사_보도(구도),한국전력공사 남서울사업본부(직할),착공계 접수,구도,보도,강남구 삼성동   선릉로100길 8 앞 보도 ~ 삼성동   선릉로100길 42 앞 보도,2022-04-29,2022-10-31,185.0
강남구,삼성동,선정릉 일대 지중화공사_보도(구도),한국전력공사 남서울사업본부(직할),착공계 접수,구도,보도,강남구 삼성동   선릉로 530 뒷 도로 ~ 삼성동   삼성로95길 29 앞 도로,2022-04-29,2022-10-31,185.0
강남구,삼성동,선정릉 일대 지중화공사_A2,한국전력공사 남서울사업본부(직할),착공계 접수,구도,차도,강남구 삼성동   봉은사로68길 5 앞 도로 ~ 삼성동   봉은사로68길 6-10 앞 도로,2022-04-29,2022-10-31,185.0
강남구,삼성동,선정릉 일대 지중화공사_A2,한국전력공사 남서울사업본부(직할),착공계 접수,구도,차도,강남구 삼성동   봉은사로68길 9 앞 도로 ~ 삼성동   봉은사로 442-9 옆 도로,2022-04-29,2022-10-31,185.0
강남구,삼성동,선정릉 일대 지중화공사_A2,한국전력공사 남서울사업본부(직할),착공계 접수,구도,차도,강남구 삼성동   봉은사로68길 23 옆 도로 ~ 삼성동   삼성로107길 34 옆 도로,2022-04-29,2022-10-31,185.0
강남구,삼성동,선정릉 일대 지중화공사_A2,한국전력공사 남서울사업본부(직할),착공계 접수,구도,차도,강남구 삼성동   봉은사로78길 34 앞길 ~ 삼성동   테헤란로79길 51 앞길,2022-04-29,2022-10-31,185.0
강남구,삼성동,선정릉 일대 지중화공사_A2,한국전력공사 남서울사업본부(직할),착공계 접수,구도,차도,강남구 삼성동   삼성로103길 11 앞 도로 ~ 삼성동   삼성로103길 11-7 앞 도로,2022-04-29,2022-10-31,185.0
강남구,삼성동,선정릉 일대 지중화공사_A2,한국전력공사 남서울사업본부(직할),착공계 접수,구도,차도,강남구 삼성동   삼성로103길 19 앞 도로 ~ 삼성동   삼성로103길 17-6 앞 도로,2022-04-29,2022-10-31,185.0
강남구,삼성동,선정릉 일대 지중화공사_A2,한국전력공사 남서울사업본부(직할),착공계 접수,구도,차도,강남구 삼성동   봉은사로68길 41 옆 도로 ~ 삼성동   삼성로 549 앞 도로,2022-04-29,2022-10-31,185.0
강남구,삼성동,선정릉 일대 지중화공사_A2,한국전력공사 남서울사업본부(직할),착공계 접수,구도,차도,강남구 삼성동   봉은사로68길 49 옆 도로 ~ 삼성동   봉은사로68길 49-3 앞 도로,2022-04-29,2022-10-31,185.0
강남구,삼성동,선정릉 일대 지중화공사_A2,한국전력공사 남서울사업본부(직할),착공계 접수,구도,차도,강남구 삼성동   봉은사로68길 57 옆 도로 ~ 삼성동   봉은사로68길 55-3 앞 도로,2022-04-29,2022-10-31,185.0
강남구,삼성동,선정릉 일대 지중화공사_A2,한국전력공사 남서울사업본부(직할),착공계 접수,구도,차도,강남구 삼성동   삼성로96길 15 앞 도로 ~ 삼성동   테헤란로83길 19 앞 도로,2022-04-29,2022-10-31,185.0
강남구,삼성동,선정릉 일대 지중화공사_A2,한국전력공사 남서울사업본부(직할),착공계 접수,구도,차도,강남구 삼성동   테헤란로83길 29 앞 도로 ~ 삼성동   테헤란로83길 19 앞 도로,2022-04-29,2022-10-31,185.0
강남구,삼성동,선정릉 일대 지중화공사_A2,한국전력공사 남서울사업본부(직할),착공계 접수,구도,차도,강남구 삼성동   삼성로 520 옆 도로 ~ 삼성동   테헤란로87길 25 옆 도로,2022-04-29,2022-10-31,185.0
강남구,삼성동,선정릉 일대 지중화공사_A2,한국전력공사 남서울사업본부(직할),착공계 접수,구도,차도,강남구 삼성동   봉은사로68길 61 앞 도로 ~ 삼성동   삼성로99길 22 앞 도로,2022-04-29,2022-10-31,185.0
강남구,삼성동,선정릉 일대 지중화공사_A2,한국전력공사 남서울사업본부(직할),착공계 접수,구도,차도,강남구 삼성동   테헤란로79길 25 앞 도로 ~ 삼성동   테헤란로79길 11-1 앞 도로,2022-04-29,2022-10-31,185.0
강남구,삼성동,선정릉 일대 지중화공사_A2,한국전력공사 남서울사업본부(직할),착공계 접수,구도,차도,강남구 삼성동   테헤란로77길 26 앞 도로 ~ 삼성동   테헤란로 77길 13 앞 도로,2022-04-29,2022-10-31,185.0
강남구,삼성동,선정릉 일대 지중화공사_A2,한국전력공사 남서울사업본부(직할),착공계 접수,구도,차도,강남구 삼성동   테헤란로69길 13 앞 도로 ~ 삼성동   테헤란로69길 9 앞 도로,2022-04-29,2022-10-31,185.0
강남구,삼성동,선정릉 일대 지중화공사_A2,한국전력공사 남서울사업본부(직할),착공계 접수,구도,차도,강남구 삼성동   선릉로100길 54 앞 도로 ~ 삼성동   선릉로92길 37-5 앞 도로,2022-04-29,2022-10-31,185.0
강남구,삼성동,선정릉 일대 지중화공사_A2,한국전력공사 남서울사업본부(직할),착공계 접수,구도,차도,강남구 삼성동   선릉로 100길 34 옆 도로 ~ 삼성동   선릉로 100길 30 뒷 도로,2022-04-29,2022-10-31,185.0
강남구,삼성동,선정릉 일대 지중화공사_A2,한국전력공사 남서울사업본부(직할),착공계 접수,구도,차도,강남구 삼성동   선릉로100길 24 옆 도로 ~ 삼성동   선릉로 96길 5-4 앞 도로,2022-04-29,2022-10-31,185.0
강남구,삼성동,선정릉 일대 지중화공사_A2,한국전력공사 남서울사업본부(직할),착공계 접수,구도,차도,강남구 삼성동   선릉로 530 옆 도로 ~ 삼성동   삼성로95길 10 앞 도로,2022-04-29,2022-10-31,185.0
강남구,삼성동,선정릉 일대 지중화공사_A2,한국전력공사 남서울사업본부(직할),착공계 접수,구도,차도,강남구 삼성동   봉은사로 458 옆 도로 ~ 삼성동   삼성로95길 29 앞 도로,2022-04-29,2022-10-31,185.0
강남구,삼성동,강남구 삼성동 160주변 영동대로 지하공간 복합개발 저촉 본이설1차(수탁) (보도),코원에너지서비스(주),허가증 교부,특별시도,보도,강남구 삼성동   160 ~ 삼성동   160,,,
강남구,삼성동,강남구 삼성동 160주변 영동대로 지하공간 복합개발 저촉 본이설1차(수탁)  (시도32),코원에너지서비스(주),허가증 교부,특별시도,차도,강남구 삼성동   160 ~ 삼성동   160,,,
관악구,신림동,2021년 대학동외 10개동 상수도공사(신림동 612-17 앞)-소화전보수,남부수도사업소(급수운영과),허가,구도,차도,관악구 신림동   612-17(법원단지길 73) 앞 ~ 신림동   612-17(법원단지길 73) 앞,,,
관악구,신림동,2021년 대학동외 10개동 상수도공사(신림동 629-54 앞)-소화전보수,남부수도사업소(급수운영과),허가,구도,차도,관악구 신림동   629-54(난곡로30나길 13) 앞 ~ 신림동   629-54(난곡로30나길 13) 앞,,,
관악구,신림동,2021년 대학동외 10개동 상수도공사(신림동 631-22 앞)-소화전보수,남부수도사업소(급수운영과),허가,구도,차도,관악구 신림동   631-22(난곡로34다길 15) 앞 ~ 신림동   631-22(난곡로34다길 15) 앞,,,
관악구,신림동,2021년 대학동외 10개동 상수도공사(신림동 675-338 앞)-소화전보수,남부수도사업소(급수운영과),허가,구도,차도,관악구 신림동   675-338(관악구 난향9길 67) 앞 ~ 신림동   675-338(관악구 난향9길 67) 앞,,,
강남구,삼성동,선정릉 일대 지중화공사_A1,한국전력공사 남서울사업본부(직할),착공계 접수,구도,차도,강남구 삼성동   테헤란로87길 25 앞 도로 ~ 삼성동   테헤란로87길 33 앞 도로,2022-04-29,2022-10-31,185.0
강남구,삼성동,선정릉 일대 지중화공사_A1,한국전력공사 남서울사업본부(직할),착공계 접수,특별시도,차도,강남구 삼성동   삼성로 518 앞 도로 ~ 삼성동   삼성로 512 앞 도로,2022-04-29,2022-10-31,185.0
강남구,삼성동,강남구 선정릉 주변 1구간 지중화 관로공사,드림라인㈜,착공계 접수,기타,보도,강남구 삼성동   135-4 ~ 삼성동   154-12,2022-04-22,2022-10-31,192.0
강남구,삼성동,강남구 선정릉 주변 1구간 지중화 관로공사,드림라인㈜,착공계 접수,기타,보도,강남구 삼성동   135-4 ~ 삼성동   154-12,2022-04-22,2022-10-31,192.0
강남구,삼성동,강남구 선정릉 주변 1구간 지중화 관로공사,드림라인㈜,착공계 접수,기타,보도,강남구 삼성동   135-4 ~ 삼성동   154-12,2022-04-22,2022-10-31,192.0
강남구,삼성동,강남구 선정릉 주변 1구간 지중화 관로공사,드림라인㈜,착공계 접수,기타,보도,강남구 삼성동   135-4 ~ 삼성동   154-12,2022-04-22,2022-10-31,192.0
강남구,삼성동,강남구 선정릉 주변 1구간 지중화 관로공사,드림라인㈜,착공계 접수,기타,보도,강남구 삼성동   135-4 ~ 삼성동   154-12,2022-04-22,2022-10-31,192.0
강남구,삼성동,강남구 선정릉 주변 1구간 지중화 관로공사,드림라인㈜,착공계 접수,기타,보도,강남구 삼성동   135-4 ~ 삼성동   154-12,2022-04-22,2022-10-31,192.0
강남구,삼성동,강남구 선정릉 주변 1구간 지중화 관로공사,드림라인㈜,착공계 접수,기타,보도,강남구 삼성동   135-4 ~ 삼성동   154-12,2022-04-22,2022-10-31,192.0
강남구,삼성동,강남구 선정릉 주변 1구간 지중화 관로공사,드림라인㈜,착공계 접수,기타,보도,강남구 삼성동   135-4 ~ 삼성동   154-12,2022-04-22,2022-10-31,192.0
강남구,삼성동,강남구 선정릉 주변 1구간 지중화 관로공사,드림라인㈜,착공계 접수,기타,보도,강남구 삼성동   135-4 ~ 삼성동   154-12,2022-04-22,2022-10-31,192.0
강남구,삼성동,강남구 선정릉 주변 1구간 지중화 관로공사,드림라인㈜,착공계 접수,기타,보도,강남구 삼성동   135-4 ~ 삼성동   154-12,2022-04-22,2022-10-31,192.0
강남구,삼성동,강남구 선정릉 주변 1구간 지중화 관로공사,드림라인㈜,착공계 접수,기타,보도,강남구 삼성동   135-4 ~ 삼성동   154-12,2022-04-22,2022-10-31,192.0
강남구,삼성동,강남구 선정릉 주변 1구간 지중화 관로공사,드림라인㈜,착공계 접수,기타,보도,강남구 삼성동   135-4 ~ 삼성동   154-12,2022-04-22,2022-10-31,192.0
강남구,삼성동,강남구 선정릉 주변 1구간 지중화 관로공사,드림라인㈜,착공계 접수,기타,보도,강남구 삼성동   135-4 ~ 삼성동   154-12,2022-04-22,2022-10-31,192.0
강남구,삼성동,강남구 선정릉 주변 1구간 지중화 관로공사,드림라인㈜,착공계 접수,기타,보도,강남구 삼성동   135-4 ~ 삼성동   154-12,2022-04-22,2022-10-31,192.0
강남구,삼성동,강남구 선정릉 주변 1구간 지중화 관로공사,드림라인㈜,착공계 접수,기타,보도,강남구 삼성동   135-4 ~ 삼성동   154-12,2022-04-22,2022-10-31,192.0
강남구,삼성동,강남구 선정릉 주변 1구간 지중화 관로공사,드림라인㈜,착공계 접수,구도,차도,강남구 삼성동   135-4 ~ 삼성동   154-12,2022-04-22,2022-10-31,192.0
강남구,삼성동,강남구 선정릉 주변 1구간 지중화 관로공사,드림라인㈜,착공계 접수,특별시도,차도,강남구 삼성동   135-4 ~ 삼성동   154-12,2022-04-22,2022-10-31,192.0
강남구,삼성동,강남구 선정릉 주변 1구간 지중화 관로공사,드림라인㈜,착공계 접수,구도,차도,강남구 삼성동   135-4 ~ 삼성동   154-12,2022-04-22,2022-10-31,192.0
서초구,서초동,2022년 남부순환로 장기사용 송배수관 정비공사(1구간),강남수도사업소(시설관리과),허가증 교부,특별시도,차도,서초구 서초동   1425-11 ~ 서초동   1422-7,,,
관악구,신림동,"지하철 승강편의시설 토목건축공사(C-8공구, 신림역)",서울교통공사,착공계 접수,특별시도,차도/보도,관악구 신림동   신림역8번출입구 인근((남부순환로 1614일원) ~ 신림동   신림역8번출입구 인근((남부순환로 1614일원,2022-04-06,2023-11-28,601.0
성북구,안암동5가,SKB 성북구 통신주건식,SK브로드밴드,허가,특별시도,보도,성북구 안암동5가   134-29 ~ 안암동5가   134-29,,,
성북구,안암동5가,SKB 성북구 통신주건식,SK브로드밴드,허가,특별시도,보도,성북구 안암동5가   110-54 ~ 안암동5가   110-54,,,
성북구,안암동5가,SKB 성북구 통신주건식,SK브로드밴드,허가,특별시도,보도,성북구 안암동5가   104-71 ~ 안암동5가   104-71,,,
성북구,안암동5가,SKB 성북구 통신주건식,SK브로드밴드,허가,구도,차도,성북구 안암동5가   103-41 ~ 안암동5가   103-41,,,
성북구,안암동5가,SKB 성북구 통신주건식,SK브로드밴드,허가,구도,차도,성북구 안암동5가   102-21 ~ 안암동5가   102-21,,,
성북구,안암동5가,SKB 성북구 통신주건식,SK브로드밴드,허가,구도,차도,성북구 안암동5가   102-97 ~ 안암동5가   102-97,,,
성북구,안암동5가,SKB 성북구 통신주건식,SK브로드밴드,허가,구도,차도,성북구 안암동5가   102-97 ~ 안암동5가   102-97,,,
강동구,고덕동,SKB 동남로82길 지중화 굴착공사,SK브로드밴드,허가증 교부,기타,차도,강동구 고덕동   298 ~ 고덕동   298,,,
강동구,고덕동,SKB 동남로82길 지중화 굴착공사,SK브로드밴드,허가증 교부,기타,보도,강동구 고덕동   296 ~ 고덕동   296,,,
서초구,서초동,서초동 서초대로 74길 지중화 관로 공사_A1,드림라인㈜,허가증 교부,특별시도,차도,서초구 서초동   1754 ~ 서초동   1754,,,
서초구,서초동,서초동 서초대로 74길 지중화 관로 공사_A1,SK텔레콤㈜,허가증 교부,특별시도,차도,서초구 서초동   1754 ~ 서초동   1754,,,
서초구,서초동,서초동 서초대로 74길 지중화 관로 공사_A1,SK브로드밴드,허가증 교부,특별시도,차도,서초구 서초동   1754 ~ 서초동   1754,,,
서초구,서초동,서초동 서초대로 74길 지중화 관로 공사,SK브로드밴드,허가증 교부,구도,보도,서초구 서초동   1754 ~ 서초동   1754,,,
서초구,서초동,서초동 서초대로 74길 지중화 관로 공사,SK브로드밴드,허가증 교부,구도,보도,서초구 서초동   1754 ~ 서초동   1754,,,
서초구,서초동,서초동 서초대로 74길 지중화 관로 공사,SK브로드밴드,허가증 교부,구도,보도,서초구 서초동   1754 ~ 서초동   1754,,,
서초구,서초동,서초동 서초대로 74길 지중화 관로 공사,SK브로드밴드,허가증 교부,구도,차도,서초구 서초동   1754 ~ 서초동   1754,,,
서초구,서초동,서초동 서초대로 74길 지중화 관로 공사,SK브로드밴드,허가증 교부,구도,차도,서초구 서초동   1754 ~ 서초동   1754,,,
서초구,서초동,서초동 서초대로 74길 지중화 관로 공사_A1,(주)LG유플러스,허가증 교부,특별시도,차도,서초구 서초동   1754 ~ 서초동   1754,,,
서초구,서초동,서초동 서초대로 74길 지중화 관로 공사,(주)LG유플러스,허가증 교부,구도,보도,서초구 서초동   1754 ~ 서초동   1754,,,
서초구,서초동,서초동 서초대로 74길 지중화 관로 공사,(주)LG유플러스,허가증 교부,구도,보도,서초구 서초동   1754 ~ 서초동   1754,,,
서초구,서초동,서초동 서초대로 74길 지중화 관로 공사,(주)LG유플러스,허가증 교부,구도,보도,서초구 서초동   1754 ~ 서초동   1754,,,
서초구,서초동,서초동 서초대로 74길 지중화 관로 공사,(주)LG유플러스,허가증 교부,구도,차도,서초구 서초동   1754 ~ 서초동   1754,,,
서초구,서초동,서초동 서초대로 74길 지중화 관로 공사,(주)LG유플러스,허가증 교부,구도,차도,서초구 서초동   1754 ~ 서초동   1754,,,
서초구,서초동,서초동 서초대로 74길 지중화 관로 공사_A1,에이치씨엔 서초방송,허가증 교부,특별시도,차도,서초구 서초동   1754 ~ 서초동   1754,,,
서초구,서초동,서초동 서초대로 74길 지중화관로공사,에이치씨엔 서초방송,허가증 교부,구도,보도,서초구 서초동   1754 ~ 서초동   1754,,,
서초구,서초동,서초동 서초대로 74길 지중화관로공사,에이치씨엔 서초방송,허가증 교부,구도,보도,서초구 서초동   1754 ~ 서초동   1754,,,
서초구,서초동,서초동 서초대로 74길 지중화관로공사,에이치씨엔 서초방송,허가증 교부,구도,보도,서초구 서초동   1754 ~ 서초동   1754,,,
서초구,서초동,서초동 서초대로 74길 지중화관로공사,에이치씨엔 서초방송,허가증 교부,구도,차도,서초구 서초동   1754 ~ 서초동   1754,,,
서초구,서초동,서초동 서초대로 74길 지중화관로공사,에이치씨엔 서초방송,허가증 교부,구도,차도,서초구 서초동   1754 ~ 서초동   1754,,,
서초구,서초동,서초동 서초대로74길 지중화 관로 공사,드림라인㈜,허가증 교부,구도,보도,서초구 서초동   1754 ~ 서초동   1754,,,
서초구,서초동,서초동 서초대로74길 지중화 관로 공사,드림라인㈜,허가증 교부,구도,보도,서초구 서초동   1754 ~ 서초동   1754,,,
서초구,서초동,서초동 서초대로74길 지중화 관로 공사,드림라인㈜,허가증 교부,구도,보도,서초구 서초동   1754 ~ 서초동   1754,,,
서초구,서초동,서초동 서초대로74길 지중화 관로 공사,드림라인㈜,허가증 교부,구도,차도,서초구 서초동   1754 ~ 서초동   1754,,,
서초구,서초동,서초동 서초대로74길 지중화 관로 공사,드림라인㈜,허가증 교부,구도,차도,서초구 서초동   1754 ~ 서초동   1754,,,
서초구,서초동,서초동 서초대로 74길 지중화 관로 공사,SK텔레콤㈜,허가증 교부,구도,보도,서초구 서초동   1754 ~ 서초동   1754,,,
서초구,서초동,서초동 서초대로 74길 지중화 관로 공사,SK텔레콤㈜,허가증 교부,구도,보도,서초구 서초동   1754 ~ 서초동   1754,,,
서초구,서초동,서초동 서초대로 74길 지중화 관로 공사,SK텔레콤㈜,허가증 교부,구도,보도,서초구 서초동   1754 ~ 서초동   1754,,,
서초구,서초동,서초동 서초대로 74길 지중화 관로 공사,SK텔레콤㈜,허가증 교부,구도,차도,서초구 서초동   1754 ~ 서초동   1754,,,
서초구,서초동,서초동 서초대로 74길 지중화 관로 공사,SK텔레콤㈜,허가증 교부,구도,차도,서초구 서초동   1754 ~ 서초동   1754,,,
서초구,우면동,바우뫼로6길 KT통신관로 지중화공사,㈜KT 서울남부마케팅단 양재지사,착공계 접수,구도,차도/보도,서초구 우면동   13-10~2-8 바우뢰로6길 ~ 우면동   13-10~2-8 바우뢰로6길,2022-03-15,2022-04-30,46.0
종로구,부암동,부암동185-56호 통신관로인입공사,㈜KT 서울북부마케팅단 홍제지사,허가증 교부,구도,차도,종로구 부암동   185-56 ~ 부암동   185-59,,,
종로구,통의동,종로구청 스마트폴 설치공사(경북궁역교차로),종로구 도로과 도로조명팀,착공계 접수,특별시도,보도,종로구 통의동   49-1 ~ 통의동   49-1,2022-04-20,2022-11-30,224.0
종로구,통의동,종로구청 스마트폴 설치공사(경북궁역교차로),종로구 도로과 도로조명팀,착공계 접수,특별시도,보도,종로구 통의동   49-1 ~ 통의동   49-1,2022-04-20,2022-11-30,224.0
서초구,잠원동,잠원동 신반포13차조합 주택용전력 2500kW 신설,한국전력공사 서초지사,허가증 교부,구도,차도,서초구 잠원동   52-3 ~ 잠원동   52-3,,,
관악구,신림동,2021년 사유지내 지장전주이설작업(신림동630-29호),㈜KT 서울남부마케팅단 구로지사,착공계 접수,구도,차도,관악구 신림동   630-29호 ~ 신림동   630-29호,2022-03-31,2022-12-31,275.0
강동구,천호동,구천면로(천호구사거리~천호초교간) 지중화공사_보도인입5,SK브로드밴드,착공계 접수,구도,보도,강동구 천호동   530-1 ~ 천호동   550-4,2022-04-06,2022-07-31,116.0
강동구,천호동,구천면로(천호구사거리~천호초교간) 지중화공사_보도인입4,SK브로드밴드,착공계 접수,특별시도,보도,강동구 천호동   529-7 ~ 천호동   529-7,2022-04-06,2022-07-31,116.0
강동구,천호동,구천면로(천호구사거리~천호초교간) 지중화공사_보도인입4,SK브로드밴드,착공계 접수,특별시도,보도,강동구 천호동   393-1 ~ 천호동   529-7,2022-04-06,2022-07-31,116.0
강동구,천호동,구천면로(천호구사거리~천호초교간) 지중화공사_보도인입4,SK브로드밴드,착공계 접수,특별시도,보도,강동구 천호동   401-5 ~ 천호동   397-14,2022-04-06,2022-07-31,116.0
강동구,천호동,구천면로(천호구사거리~천호초교간) 지중화공사_보도인입4,SK브로드밴드,착공계 접수,구도,보도,강동구 천호동   393-13 ~ 천호동   397-27,2022-04-06,2022-07-31,116.0
강동구,천호동,구천면로(천호구사거리~천호초교간) 지중화공사_보도인입3,SK브로드밴드,착공계 접수,구도,보도,강동구 천호동   279-6 ~ 천호동   394-1,2022-04-06,2022-07-31,116.0
강동구,천호동,구천면로(천호구사거리~천호초교간) 지중화공사_보도인입3,SK브로드밴드,착공계 접수,구도,보도,강동구 천호동   298-4 ~ 천호동   383-3,2022-04-06,2022-07-31,116.0
강동구,천호동,구천면로(천호구사거리~천호초교간) 지중화공사_보도인입3,SK브로드밴드,착공계 접수,특별시도,보도,강동구 천호동   217-71 ~ 천호동   217-71,2022-04-06,2022-07-31,116.0
강동구,천호동,구천면로(천호구사거리~천호초교간) 지중화공사_보도인입2,SK브로드밴드,착공계 접수,특별시도,보도,강동구 천호동   237-66 ~ 천호동   217-61,2022-04-06,2022-07-31,116.0
강동구,천호동,구천면로(천호구사거리~천호초교간) 지중화공사_보도인입2,SK브로드밴드,착공계 접수,구도,보도,강동구 천호동   294-20 ~ 천호동   297-10,2022-04-06,2022-07-31,116.0
강동구,천호동,구천면로(천호구사거리~천호초교간) 지중화공사_보도인입1,SK브로드밴드,착공계 접수,특별시도,보도,강동구 천호동   238-1 ~ 천호동   238-1,2022-04-07,2022-07-30,114.0
강동구,천호동,구천면로(천호구사거리~천호초교간) 지중화공사_보도인입1,SK브로드밴드,착공계 접수,구도,보도,강동구 천호동   293-11 ~ 천호동   293-11,2022-04-07,2022-07-30,114.0
강동구,천호동,구천면로(천호구사거리~천호초교간) 지중화공사_보도인입1,SK브로드밴드,착공계 접수,특별시도,보도,강동구 천호동   293-14 ~ 천호동   293-14,2022-04-07,2022-07-30,114.0
강동구,천호동,"심의19,20)구천면로(천호구사거리~천호초교간) 지중화공사_구도차도4",SK브로드밴드,착공계 접수,구도,차도,강동구 천호동   548 ~ 천호동   543-4,2022-04-06,2022-07-31,116.0
강동구,천호동,"심의19,20)구천면로(천호구사거리~천호초교간) 지중화공사_구도차도4",SK브로드밴드,착공계 접수,구도,차도,강동구 천호동   550-5 ~ 천호동   550-9,2022-04-06,2022-07-31,116.0
강동구,천호동,심의15~18)구천면로(천호구사거리~천호초교간) 지중화공사_구도차도3,SK브로드밴드,착공계 접수,구도,차도,강동구 천호동   280-6 ~ 천호동   278-20,2022-04-06,2022-07-31,116.0
강동구,천호동,심의15~18)구천면로(천호구사거리~천호초교간) 지중화공사_구도차도3,SK브로드밴드,착공계 접수,구도,차도,강동구 천호동   282-8 ~ 천호동   280-15,2022-04-06,2022-07-31,116.0
강동구,천호동,심의15~18)구천면로(천호구사거리~천호초교간) 지중화공사_구도차도3,SK브로드밴드,착공계 접수,구도,차도,강동구 천호동   275-5 ~ 천호동   275-1,2022-04-06,2022-07-31,116.0
강동구,천호동,심의15~18)구천면로(천호구사거리~천호초교간) 지중화공사_구도차도3,SK브로드밴드,착공계 접수,구도,차도,강동구 천호동   397-70 ~ 천호동   397-419,2022-04-06,2022-07-31,116.0
강동구,천호동,"심의9,10)구천면로(천호구사거리~천호초교간) 지중화공사_구도차도1",SK브로드밴드,착공계 접수,구도,보도,강동구 천호동   224-4 ~ 천호동   224-4,2022-04-06,2022-07-31,116.0
강동구,천호동,"심의9,10)구천면로(천호구사거리~천호초교간) 지중화공사_구도차도1",SK브로드밴드,착공계 접수,구도,차도,강동구 천호동   293-10 ~ 천호동   293-9,2022-04-06,2022-07-31,116.0
강동구,천호동,"심의9,10)구천면로(천호구사거리~천호초교간) 지중화공사_구도차도1",SK브로드밴드,착공계 접수,구도,차도,강동구 천호동   293-13 ~ 천호동   293-14,2022-04-06,2022-07-31,116.0
강동구,천호동,"심의9,10)구천면로(천호구사거리~천호초교간) 지중화공사_구도차도1",SK브로드밴드,착공계 접수,구도,차도,강동구 천호동   234-6 ~ 천호동   224-37,2022-04-06,2022-07-31,116.0
강동구,천호동,"심의9,10)구천면로(천호구사거리~천호초교간) 지중화공사_구도차도1",SK브로드밴드,착공계 접수,구도,차도,강동구 천호동   234-6 ~ 천호동   224-4,2022-04-06,2022-07-31,116.0
강동구,천호동,심의11~14)구천면로(천호구사거리~천호초교간) 지중화공사_구도차도2,SK브로드밴드,착공계 접수,구도,차도,강동구 천호동   217-132 ~ 천호동   217-69,2022-04-06,2022-07-31,116.0
강동구,천호동,심의11~14)구천면로(천호구사거리~천호초교간) 지중화공사_구도차도2,SK브로드밴드,착공계 접수,구도,차도,강동구 천호동   298 ~ 천호동   298-4,2022-04-06,2022-07-31,116.0
강동구,천호동,심의11~14)구천면로(천호구사거리~천호초교간) 지중화공사_구도차도2,SK브로드밴드,착공계 접수,구도,차도,강동구 천호동   296-16 ~ 천호동   297-10,2022-04-06,2022-07-31,116.0
강동구,천호동,심의11~14)구천면로(천호구사거리~천호초교간) 지중화공사_구도차도2,SK브로드밴드,착공계 접수,구도,차도,강동구 천호동   297-2 ~ 천호동   297,2022-04-06,2022-07-31,116.0
강동구,천호동,심의11~14)구천면로(천호구사거리~천호초교간) 지중화공사_구도차도2,SK브로드밴드,착공계 접수,구도,차도,강동구 천호동   237-38 ~ 천호동   237-27,2022-04-06,2022-07-31,116.0
강동구,천호동,"심의7,8) 구천면로 지자체 지중화 원인자공사_단독가능",SK브로드밴드,착공계 접수,특별시도,차도,강동구 천호동   412-2 ~ 천호동   234-6,2022-04-06,2022-07-31,116.0
강동구,천호동,"심의7,8) 구천면로 지자체 지중화 원인자공사_단독가능",SK브로드밴드,착공계 접수,특별시도,차도,강동구 천호동   355 ~ 천호동   293-16,2022-04-06,2022-07-31,116.0
관악구,봉천동,@현충로외 26년경과 노후케이블 교체공사(TR58~59),한국전력공사 관악동작지사,착공계 접수,기타,보도,관악구 봉천동   958-14 ~ 봉천동   958-14,2022-06-15,2022-12-30,198.0
강북구,미아동,강북구청지자체 도봉로(도봉로150 ~ 수유사거리) 지중화 관로 공사,(주)LG유플러스,허가증 교부,특별시도,차도,강북구 미아동   160-2 부근 ~ 미아동   131-4 부근,,,
강북구,수유동,강북구청지자체 도봉로(도봉로150 ~ 수유사거리) 지중화 관로 공사,(주)LG유플러스,허가증 교부,특별시도,차도,강북구 수유동   47-2부근 ~ 미아동   159-54 부근,,,
강북구,수유동,강북구청 지자체 도봉로(도봉로150~수유사거리) 지중화 관로 공사-구도,(주)LG유플러스,허가증 교부,구도,차도,강북구 수유동   47-2 부근 ~ 미아동   131-4 부근,,,
강북구,수유동,강북구청 지자체 도봉로(도봉로150~수유사거리) 지중화 관로 공사-구도,(주)LG유플러스,허가증 교부,구도,차도,강북구 수유동   47-2 부근 ~ 미아동   131-4 부근,,,
강북구,수유동,강북구청 지자체 도봉로(도봉로150~수유사거리) 지중화 관로 공사-구도,(주)LG유플러스,허가증 교부,구도,차도,강북구 수유동   47-2 부근 ~ 미아동   131-4 부근,,,
강북구,수유동,강북구청 지자체 도봉로(도봉로150~수유사거리) 지중화 관로 공사-구도,(주)LG유플러스,허가증 교부,구도,차도,강북구 수유동   47-2 부근 ~ 미아동   131-4 부근,,,
강북구,수유동,강북구청 지자체 도봉로(도봉로150~수유사거리) 지중화 관로 공사-구도,(주)LG유플러스,허가증 교부,구도,차도,강북구 수유동   47-2 부근 ~ 미아동   131-4 부근,,,
강북구,수유동,강북구청 지자체 도봉로(도봉로150~수유사거리) 지중화 관로 공사-구도,(주)LG유플러스,허가증 교부,구도,차도,강북구 수유동   47-2 부근 ~ 미아동   131-4 부근,,,
강북구,수유동,강북구청 지자체 도봉로(도봉로150~수유사거리) 지중화 관로 공사-구도,(주)LG유플러스,허가증 교부,구도,차도,강북구 수유동   47-2 부근 ~ 미아동   131-4 부근,,,
강북구,수유동,강북구청 지자체 도봉로(도봉로150~수유사거리) 지중화 관로 공사-구도,(주)LG유플러스,허가증 교부,구도,차도,강북구 수유동   47-2 부근 ~ 미아동   131-4 부근,,,
강북구,수유동,강북구청 지자체 도봉로(도봉로150~수유사거리) 지중화 관로 공사-구도,(주)LG유플러스,허가증 교부,구도,차도,강북구 수유동   47-2 부근 ~ 미아동   131-4 부근,,,
강북구,수유동,강북구청 지자체 도봉로(도봉로150~수유사거리) 지중화 관로 공사-구도,(주)LG유플러스,허가증 교부,구도,차도,강북구 수유동   47-2 부근 ~ 미아동   131-4 부근,,,
강북구,수유동,강북구청 지자체 도봉로(도봉로150~수유사거리) 지중화 관로 공사-구도,(주)LG유플러스,허가증 교부,특별시도,보도,강북구 수유동   47-2 부근 ~ 미아동   131-4 부근,,,
노원구,상계동,"지하철 승강편의시설 토목건축공사(C-7공구, 노원역)",서울교통공사,착공계 접수,특별시도,보도,노원구 상계동   602-5 ~ 상계동   602-5,2021-09-06,2022-11-25,445.0
동대문구,답십리동,SB 군장간9R1등노후전주교체공사 - 군장간9R1 서원석,한국전력공사 동대문중랑지사,징수확인,구도,차도,동대문구 답십리동   488-17 ~ 답십리동   전농로22,,,
서초구,잠원동,"잠원동 신반포14차조합(롯데건설)3000kW 신설_보도(대선, 송영아)",한국전력공사 서초지사,착공계 접수,구도,보도,서초구 잠원동   잠원동112 ~ 잠원동   잠원동112,2022-06-20,2022-08-31,72.0
서초구,잠원동,"잠원동 신반포14차조합(롯데건설)3000kW신설_보도2(대선, 송영아)",한국전력공사 서초지사,허가증 교부,구도,보도,서초구 잠원동   잠원동112 ~ 잠원동   잠원동112,,,
서초구,서초동,교대역인근 서초중앙로 지중화 관로 공사_(맨홀),(주)LG유플러스,착공계 접수,특별시도,차도,서초구 서초동   1603-7 ~ 서초동   1426-2,2022-05-24,2022-08-31,99.0
서초구,서초동,교대역인근 서초중앙로 지중화 관로 공사_(맨홀),(주)LG유플러스,착공계 접수,특별시도,차도,서초구 서초동   1603-7 ~ 서초동   1426-2,2022-05-24,2022-08-31,99.0
서초구,서초동,교대역인근 서초중앙로 지중화 관로 공사_(맨홀),(주)LG유플러스,착공계 접수,특별시도,차도,서초구 서초동   1603-7 ~ 서초동   1426-2,2022-05-24,2022-08-31,99.0
서초구,서초동,교대역인근 서초중앙로 지중화 관로 공사_(맨홀),(주)LG유플러스,착공계 접수,특별시도,차도,서초구 서초동   1603-7 ~ 서초동   1426-2,2022-05-24,2022-08-31,99.0
서초구,서초동,교대역인근 서초중앙로 지중화 관로 공사_(맨홀),(주)LG유플러스,착공계 접수,특별시도,차도,서초구 서초동   1603-7 ~ 서초동   1426-2,2022-05-24,2022-08-31,99.0
서초구,서초동,교대역인근 서초중앙로 지중화 관로 공사_(맨홀),(주)LG유플러스,착공계 접수,특별시도,차도,서초구 서초동   1603-7 ~ 서초동   1426-2,2022-05-24,2022-08-31,99.0
서초구,서초동,교대역인근 서초중앙로 지중화 관로 공사_(맨홀),(주)LG유플러스,착공계 접수,특별시도,차도,서초구 서초동   1603-7 ~ 서초동   1426-2,2022-05-24,2022-08-31,99.0
서초구,서초동,교대역인근 서초중앙로 지중화 관로 공사_(맨홀),(주)LG유플러스,착공계 접수,특별시도,차도,서초구 서초동   1603-7 ~ 서초동   1426-2,2022-05-24,2022-08-31,99.0
서초구,양재동,서초구양재동 201공급관 밸브 교체공사,코원에너지서비스(주),허가증 교부,구도,보도,서초구 양재동   201 ~ 양재동   201,,,
서초구,양재동,서초구양재동 201공급관 밸브 교체공사,코원에너지서비스(주),허가증 교부,구도,차도,서초구 양재동   201 ~ 양재동   201,,,
관악구,신림동,문성로40길 14(신림동 412-35)불량전주교체공사,㈜KT 서울남부마케팅단 관악지사,착공계 접수,구도,차도,관악구 신림동   412-35 ~ 신림동   412-35,2022-03-31,2022-12-31,275.0
관악구,신림동,문성로40길 10(신림동 412-20)불량전주교체공사,㈜KT 서울남부마케팅단 관악지사,착공계 접수,구도,차도,관악구 신림동   412-20 ~ 신림동   412-20,2022-03-31,2022-12-31,275.0
서초구,서초동,서초구 남부터미널 인근 통신 지중화공사_병행가능,(주)LG유플러스,허가증 교부,특별시도,보도,서초구 서초동   1603-7 ~ 서초동   1426-2,,,
서초구,서초동,서초구 남부터미널 인근 통신 지중화공사_병행가능,(주)LG유플러스,허가증 교부,특별시도,보도,서초구 서초동   1603-7 ~ 서초동   1426-2,,,
서초구,서초동,서초구 남부터미널 인근 통신 지중화공사_병행가능,(주)LG유플러스,허가증 교부,기타,보도,서초구 서초동   1603-7 ~ 서초동   1426-2,,,
서초구,서초동,서초구 남부터미널 인근 통신 지중화공사_병행가능,(주)LG유플러스,허가증 교부,기타,보도,서초구 서초동   1603-7 ~ 서초동   1426-2,,,
서초구,서초동,서초구 남부터미널 인근 통신 지중화공사_병행가능,(주)LG유플러스,허가증 교부,특별시도,보도,서초구 서초동   1603-7 ~ 서초동   1426-2,,,
서초구,서초동,서초구 남부터미널 인근 통신 지중화공사_병행가능,(주)LG유플러스,허가증 교부,특별시도,보도,서초구 서초동   1603-7 ~ 서초동   1426-2,,,
서초구,서초동,서초구 남부터미널 인근 통신 지중화공사_병행가능,(주)LG유플러스,허가증 교부,특별시도,보도,서초구 서초동   1603-7 ~ 서초동   1426-2,,,
서초구,서초동,서초구 남부터미널 인근 통신 지중화공사_병행가능,(주)LG유플러스,허가증 교부,기타,보도,서초구 서초동   1603-7 ~ 서초동   1426-2,,,
서초구,서초동,서초구 남부터미널 인근 통신 지중화공사_병행가능,(주)LG유플러스,허가증 교부,특별시도,보도,서초구 서초동   1603-7 ~ 서초동   1426-2,,,
서초구,서초동,서초구 남부터미널 인근 통신 지중화공사_병행가능,(주)LG유플러스,허가증 교부,기타,보도,서초구 서초동   1603-7 ~ 서초동   1426-2,,,
서초구,서초동,서초구 남부터미널 인근 통신 지중화공사_병행가능,(주)LG유플러스,허가증 교부,기타,보도,서초구 서초동   1603-7 ~ 서초동   1426-2,,,
서초구,서초동,서초구 남부터미널 인근 통신 지중화공사_병행가능,(주)LG유플러스,허가증 교부,특별시도,차도,서초구 서초동   1603-7 ~ 서초동   1426-2,,,
성동구,금호동3가,"지하철 승강편의시설 토목건축공사(C-5공구, 금호역 4번출구)",서울교통공사,착공계 접수,특별시도,차도,성동구 금호동3가   1583번지 일대(금호역 4번출구) ~ 금호동3가   1583번지 일대(금호역 4번출구,2021-12-22,2023-03-31,464.0
성동구,금호동3가,"지하철 승강편의시설 토목건축공사(C-5공구, 금호역 4번출구)",서울교통공사,착공계 접수,특별시도,보도,성동구 금호동3가   1583번지(금호역 4번출구) ~ 금호동3가   1583번지(금호역 4번출구,2021-12-22,2023-03-31,464.0
서초구,서초동,지하철 승강편의시설 토목건축공사(3-7공구)교대역11번 하수도이설(보도),서울교통공사,착공계 접수,기타,보도,서초구 서초동   1715-7 ~ 서초동   1715-7,2022-01-10,2022-11-30,324.0
종로구,궁정동,자하문로 가로등 개량 공사,종로구 도로과 도로조명팀,착공계 접수,구도,보도,종로구 궁정동   13-7 ~ 적선동   107-1,2022-04-20,2022-11-30,224.0
종로구,궁정동,자하문로 가로등 개량 공사,종로구 도로과 도로조명팀,착공계 접수,구도,보도,종로구 궁정동   12-1 ~ 청운동   6-11,2022-04-20,2022-11-30,224.0
종로구,신교동,자하문로 가로등 개량 공사,종로구 도로과 도로조명팀,착공계 접수,구도,보도,종로구 신교동   66 ~ 청운동   7-29,2022-04-20,2022-11-30,224.0
서초구,서초동,"교대역 인근 서초중앙로 지중화 관로공사_A2,보도(2)",에이치씨엔 서초방송,착공계 접수,구도,차도,서초구 서초동   1573-5 ~ 서초동   1576-2,2022-05-24,2022-11-30,190.0
서초구,서초동,"교대역 인근 서초중앙로 지중화 관로공사_A2,보도(2)",에이치씨엔 서초방송,착공계 접수,특별시도,보도,서초구 서초동   1573-5 ~ 서초동   1576-2,2022-05-24,2022-11-30,190.0
서초구,서초동,"교대역 인근 서초중앙로 지중화 관로공사_A2,보도(2)",에이치씨엔 서초방송,착공계 접수,특별시도,보도,서초구 서초동   1573-5 ~ 서초동   1576-2,2022-05-24,2022-11-30,190.0
서초구,서초동,"교대역 인근 서초중앙로 지중화 관로공사_A2,보도(2)",에이치씨엔 서초방송,착공계 접수,특별시도,보도,서초구 서초동   1573-5 ~ 서초동   1576-2,2022-05-24,2022-11-30,190.0
서초구,서초동,"교대역 인근 서초중앙로 지중화 관로공사_A2,보도(2)",에이치씨엔 서초방송,착공계 접수,특별시도,보도,서초구 서초동   1573-5 ~ 서초동   1576-2,2022-05-24,2022-11-30,190.0
서초구,서초동,"교대역 인근 서초중앙로 지중화 관로공사_A2,보도(2)",에이치씨엔 서초방송,착공계 접수,특별시도,보도,서초구 서초동   1573-5 ~ 서초동   1576-2,2022-05-24,2022-11-30,190.0
서초구,서초동,"교대역 인근 서초중앙로 지중화 관로공사_A2,보도(2)",에이치씨엔 서초방송,착공계 접수,구도,차도,서초구 서초동   1573-5 ~ 서초동   1576-2,2022-05-24,2022-11-30,190.0
서초구,서초동,"교대역 인근 서초중앙로 지중화 관로공사_A2,보도(2)",에이치씨엔 서초방송,착공계 접수,특별시도,보도,서초구 서초동   1573-5 ~ 서초동   1576-2,2022-05-24,2022-11-30,190.0
서초구,서초동,"교대역 인근 서초중앙로 지중화 관로공사_A2,보도(2)",에이치씨엔 서초방송,착공계 접수,특별시도,보도,서초구 서초동   1573-5 ~ 서초동   1576-2,2022-05-24,2022-11-30,190.0
서초구,서초동,"교대역 인근 서초중앙로 지중화 관로공사_A2,보도(2)",에이치씨엔 서초방송,착공계 접수,특별시도,보도,서초구 서초동   1573-5 ~ 서초동   1576-2,2022-05-24,2022-11-30,190.0
서초구,서초동,"교대역 인근 서초중앙로 지중화 관로공사_A2,보도(1)",에이치씨엔 서초방송,착공계 접수,구도,차도,서초구 서초동   1573-5 ~ 서초동   1576-2,2022-05-24,2022-11-30,190.0
서초구,서초동,"교대역 인근 서초중앙로 지중화 관로공사_A2,보도(1)",에이치씨엔 서초방송,착공계 접수,구도,보도,서초구 서초동   1573-5 ~ 서초동   1576-2,2022-05-24,2022-11-30,190.0
서초구,서초동,"교대역 인근 서초중앙로 지중화 관로공사_A2,보도(1)",에이치씨엔 서초방송,착공계 접수,구도,보도,서초구 서초동   1573-5 ~ 서초동   1576-2,2022-05-24,2022-11-30,190.0
서초구,서초동,"교대역 인근 서초중앙로 지중화 관로공사_A2,보도(1)",에이치씨엔 서초방송,착공계 접수,특별시도,보도,서초구 서초동   1573-5 ~ 서초동   1576-2,2022-05-24,2022-11-30,190.0
서초구,서초동,"교대역 인근 서초중앙로 지중화 관로공사_A2,보도(1)",에이치씨엔 서초방송,착공계 접수,특별시도,보도,서초구 서초동   1573-5 ~ 서초동   1576-2,2022-05-24,2022-11-30,190.0
서초구,서초동,"교대역 인근 서초중앙로 지중화 관로공사_A2,보도(1)",에이치씨엔 서초방송,착공계 접수,구도,차도,서초구 서초동   1573-5 ~ 서초동   1576-2,2022-05-24,2022-11-30,190.0
서초구,서초동,"교대역 인근 서초중앙로 지중화 관로공사_A2,보도(1)",에이치씨엔 서초방송,착공계 접수,특별시도,보도,서초구 서초동   1573-5 ~ 서초동   1576-2,2022-05-24,2022-11-30,190.0
서초구,서초동,"교대역 인근 서초중앙로 지중화 관로공사_A2,보도(1)",에이치씨엔 서초방송,착공계 접수,특별시도,보도,서초구 서초동   1573-5 ~ 서초동   1576-2,2022-05-24,2022-11-30,190.0
서초구,서초동,"교대역 인근 서초중앙로 지중화 관로공사_A2,보도(1)",에이치씨엔 서초방송,착공계 접수,구도,차도,서초구 서초동   1573-5 ~ 서초동   1576-2,2022-05-24,2022-11-30,190.0
서초구,서초동,"교대역 인근 서초중앙로 지중화 관로공사_A2,보도(1)",에이치씨엔 서초방송,착공계 접수,특별시도,보도,서초구 서초동   1573-5 ~ 서초동   1576-2,2022-05-24,2022-11-30,190.0
서초구,서초동,교대역 인근 서초중앙로 지중화 관로공사_A1(3),에이치씨엔 서초방송,착공계 접수,특별시도,차도,서초구 서초동   1573-5 ~ 서초동   1576-2,2022-05-24,2022-11-30,190.0
서초구,서초동,교대역 인근 서초중앙로 지중화 관로공사_A1(2),에이치씨엔 서초방송,착공계 접수,특별시도,차도,서초구 서초동   1573-5 ~ 서초동   1576-2,2022-05-24,2022-11-30,190.0
서초구,서초동,교대역 인근 서초중앙로 지중화 관로공사_A1(1),에이치씨엔 서초방송,착공계 접수,특별시도,차도,서초구 서초동   1573-5 ~ 서초동   1576-2,2022-05-24,2022-11-30,190.0
노원구,공릉동,공릉 외 1역 승강편의시설 설치공사(44공구) - 공릉역(특별시도 소규모),서울교통공사,착공계 접수,특별시도,차도,노원구 공릉동   386-1 공릉역 1번 출입구 인근 ~ 공릉동   386-1 공릉역 1번 출입구 인근,2021-07-01,2023-03-12,619.0
노원구,공릉동,공릉 외 1역 승강편의시설 설치공사(44공구) - 공릉역(특별시도 소규모),서울교통공사,착공계 접수,특별시도,차도,노원구 공릉동   386-1 공릉역 1번 출입구 인근 ~ 공릉동   386-1 공릉역 1번 출입구 인근,2021-07-01,2023-03-12,619.0
노원구,공릉동,공릉 외 1역 승강편의시설 설치공사(44공구) - 공릉역(특별시도 소규모),서울교통공사,착공계 접수,특별시도,차도,노원구 공릉동   386-1 공릉역 1번 출입구 인근 ~ 공릉동   386-1 공릉역 1번 출입구 인근,2021-07-01,2023-03-12,619.0
서초구,서초동,"교대역 인근 서초중앙로 지중화 관로공사_A2,보도(1)",SK브로드밴드,착공계 접수,구도,차도,서초구 서초동   1573-5 ~ 서초동   1576-2,2022-05-24,2022-11-30,190.0
서초구,서초동,"교대역 인근 서초중앙로 지중화 관로공사_A2,보도(1)",SK브로드밴드,착공계 접수,구도,보도,서초구 서초동   1573-5 ~ 서초동   1576-2,2022-05-24,2022-11-30,190.0
서초구,서초동,"교대역 인근 서초중앙로 지중화 관로공사_A2,보도(1)",SK브로드밴드,착공계 접수,구도,보도,서초구 서초동   1573-5 ~ 서초동   1576-2,2022-05-24,2022-11-30,190.0
서초구,서초동,"교대역 인근 서초중앙로 지중화 관로공사_A2,보도(1)",SK브로드밴드,착공계 접수,특별시도,보도,서초구 서초동   1573-5 ~ 서초동   1576-2,2022-05-24,2022-11-30,190.0
서초구,서초동,"교대역 인근 서초중앙로 지중화 관로공사_A2,보도(1)",SK브로드밴드,착공계 접수,특별시도,보도,서초구 서초동   1573-5 ~ 서초동   1576-2,2022-05-24,2022-11-30,190.0
서초구,서초동,"교대역 인근 서초중앙로 지중화 관로공사_A2,보도(1)",SK브로드밴드,착공계 접수,구도,차도,서초구 서초동   1573-5 ~ 서초동   1576-2,2022-05-24,2022-11-30,190.0
서초구,서초동,"교대역 인근 서초중앙로 지중화 관로공사_A2,보도(1)",SK브로드밴드,착공계 접수,특별시도,보도,서초구 서초동   1573-5 ~ 서초동   1576-2,2022-05-24,2022-11-30,190.0
서초구,서초동,"교대역 인근 서초중앙로 지중화 관로공사_A2,보도(1)",SK브로드밴드,착공계 접수,특별시도,보도,서초구 서초동   1573-5 ~ 서초동   1576-2,2022-05-24,2022-11-30,190.0
서초구,서초동,"교대역 인근 서초중앙로 지중화 관로공사_A2,보도(1)",SK브로드밴드,착공계 접수,구도,차도,서초구 서초동   1573-5 ~ 서초동   1576-2,2022-05-24,2022-11-30,190.0
서초구,서초동,"교대역 인근 서초중앙로 지중화 관로공사_A2,보도(1)",SK브로드밴드,착공계 접수,특별시도,보도,서초구 서초동   1573-5 ~ 서초동   1576-2,2022-05-24,2022-11-30,190.0
서초구,서초동,교대역 인근 서초중앙로 지중화 관로공사_A1(1),SK브로드밴드,착공계 접수,특별시도,차도,서초구 서초동   1573-5 ~ 서초동   1576-2,2022-05-24,2022-11-30,190.0
서초구,서초동,교대역 인근 서초중앙로 지중화 관로공사_A1(2),SK브로드밴드,착공계 접수,특별시도,차도,서초구 서초동   1573-5 ~ 서초동   1576-2,2022-05-24,2022-11-30,190.0
서초구,서초동,교대역 인근 서초중앙로 지중화 관로공사_A1(3),SK브로드밴드,착공계 접수,특별시도,차도,서초구 서초동   1573-5 ~ 서초동   1576-2,2022-05-24,2022-11-30,190.0
서초구,서초동,"교대역 인근 서초중앙로 지중화 관로공사_A2,보도(2)",SK브로드밴드,착공계 접수,구도,차도,서초구 서초동   1573-5 ~ 서초동   1576-2,2022-05-24,2022-11-30,190.0
서초구,서초동,"교대역 인근 서초중앙로 지중화 관로공사_A2,보도(2)",SK브로드밴드,착공계 접수,특별시도,보도,서초구 서초동   1573-5 ~ 서초동   1576-2,2022-05-24,2022-11-30,190.0
서초구,서초동,"교대역 인근 서초중앙로 지중화 관로공사_A2,보도(2)",SK브로드밴드,착공계 접수,특별시도,보도,서초구 서초동   1573-5 ~ 서초동   1576-2,2022-05-24,2022-11-30,190.0
서초구,서초동,"교대역 인근 서초중앙로 지중화 관로공사_A2,보도(2)",SK브로드밴드,착공계 접수,특별시도,보도,서초구 서초동   1573-5 ~ 서초동   1576-2,2022-05-24,2022-11-30,190.0
서초구,서초동,"교대역 인근 서초중앙로 지중화 관로공사_A2,보도(2)",SK브로드밴드,착공계 접수,특별시도,보도,서초구 서초동   1573-5 ~ 서초동   1576-2,2022-05-24,2022-11-30,190.0
서초구,서초동,"교대역 인근 서초중앙로 지중화 관로공사_A2,보도(2)",SK브로드밴드,착공계 접수,특별시도,보도,서초구 서초동   1573-5 ~ 서초동   1576-2,2022-05-24,2022-11-30,190.0
서초구,서초동,"교대역 인근 서초중앙로 지중화 관로공사_A2,보도(2)",SK브로드밴드,착공계 접수,구도,차도,서초구 서초동   1573-5 ~ 서초동   1576-2,2022-05-24,2022-11-30,190.0
서초구,서초동,"교대역 인근 서초중앙로 지중화 관로공사_A2,보도(2)",SK브로드밴드,착공계 접수,특별시도,보도,서초구 서초동   1573-5 ~ 서초동   1576-2,2022-05-24,2022-11-30,190.0
서초구,서초동,"교대역 인근 서초중앙로 지중화 관로공사_A2,보도(2)",SK브로드밴드,착공계 접수,특별시도,보도,서초구 서초동   1573-5 ~ 서초동   1576-2,2022-05-24,2022-11-30,190.0
서초구,서초동,"교대역 인근 서초중앙로 지중화 관로공사_A2,보도(2)",SK브로드밴드,착공계 접수,특별시도,보도,서초구 서초동   1573-5 ~ 서초동   1576-2,2022-05-24,2022-11-30,190.0
서초구,서초동,교대역 인근 서초중앙로 지중화 관로공사_A1(1),SK텔레콤㈜,착공계 접수,특별시도,차도,서초구 서초동   1573-6 ~ 서초동   1576-2,2022-05-24,2022-11-30,190.0
서초구,서초동,교대역 인근 서초중앙로 지중화 관로공사_A1(2),SK텔레콤㈜,착공계 접수,특별시도,차도,서초구 서초동   1573-5 ~ 서초동   1576-2,2022-05-24,2022-11-30,190.0
서초구,서초동,교대역 인근 서초중앙로 지중화 관로공사_A1(3),SK텔레콤㈜,착공계 접수,특별시도,차도,서초구 서초동   1573-5 ~ 서초동   1576-2,2022-05-24,2022-11-30,190.0
서초구,서초동,"교대역 인근 서초중앙로 지중화 관로공사_A2,보도(2)",SK텔레콤㈜,착공계 접수,구도,차도,서초구 서초동   1573-5 ~ 서초동   1576-2,2022-05-24,2022-11-30,190.0
서초구,서초동,"교대역 인근 서초중앙로 지중화 관로공사_A2,보도(2)",SK텔레콤㈜,착공계 접수,특별시도,보도,서초구 서초동   1573-5 ~ 서초동   1576-2,2022-05-24,2022-11-30,190.0
서초구,서초동,"교대역 인근 서초중앙로 지중화 관로공사_A2,보도(2)",SK텔레콤㈜,착공계 접수,특별시도,보도,서초구 서초동   1573-5 ~ 서초동   1576-2,2022-05-24,2022-11-30,190.0
서초구,서초동,"교대역 인근 서초중앙로 지중화 관로공사_A2,보도(2)",SK텔레콤㈜,착공계 접수,특별시도,보도,서초구 서초동   1573-5 ~ 서초동   1576-2,2022-05-24,2022-11-30,190.0
서초구,서초동,"교대역 인근 서초중앙로 지중화 관로공사_A2,보도(2)",SK텔레콤㈜,착공계 접수,특별시도,보도,서초구 서초동   1573-5 ~ 서초동   1576-2,2022-05-24,2022-11-30,190.0
서초구,서초동,"교대역 인근 서초중앙로 지중화 관로공사_A2,보도(2)",SK텔레콤㈜,착공계 접수,특별시도,보도,서초구 서초동   1573-5 ~ 서초동   1576-2,2022-05-24,2022-11-30,190.0
서초구,서초동,"교대역 인근 서초중앙로 지중화 관로공사_A2,보도(2)",SK텔레콤㈜,착공계 접수,구도,차도,서초구 서초동   1573-5 ~ 서초동   1576-2,2022-05-24,2022-11-30,190.0
서초구,서초동,"교대역 인근 서초중앙로 지중화 관로공사_A2,보도(2)",SK텔레콤㈜,착공계 접수,특별시도,보도,서초구 서초동   1573-5 ~ 서초동   1576-2,2022-05-24,2022-11-30,190.0
서초구,서초동,"교대역 인근 서초중앙로 지중화 관로공사_A2,보도(2)",SK텔레콤㈜,착공계 접수,특별시도,보도,서초구 서초동   1573-5 ~ 서초동   1576-2,2022-05-24,2022-11-30,190.0
서초구,서초동,"교대역 인근 서초중앙로 지중화 관로공사_A2,보도(2)",SK텔레콤㈜,착공계 접수,특별시도,보도,서초구 서초동   1573-5 ~ 서초동   1576-2,2022-05-24,2022-11-30,190.0
서초구,서초동,"교대역 인근 서초중앙로 지중화 관로공사_A2,보도(1)",SK텔레콤㈜,착공계 접수,구도,차도,서초구 서초동   1573-5 ~ 서초동   1576-2,2022-05-24,2022-11-30,190.0
서초구,서초동,"교대역 인근 서초중앙로 지중화 관로공사_A2,보도(1)",SK텔레콤㈜,착공계 접수,구도,보도,서초구 서초동   1573-5 ~ 서초동   1576-2,2022-05-24,2022-11-30,190.0
서초구,서초동,"교대역 인근 서초중앙로 지중화 관로공사_A2,보도(1)",SK텔레콤㈜,착공계 접수,기타,보도,서초구 서초동   1573-5 ~ 서초동   1576-2,2022-05-24,2022-11-30,190.0
서초구,서초동,"교대역 인근 서초중앙로 지중화 관로공사_A2,보도(1)",SK텔레콤㈜,착공계 접수,특별시도,보도,서초구 서초동   1573-5 ~ 서초동   1576-2,2022-05-24,2022-11-30,190.0
서초구,서초동,"교대역 인근 서초중앙로 지중화 관로공사_A2,보도(1)",SK텔레콤㈜,착공계 접수,특별시도,보도,서초구 서초동   1573-5 ~ 서초동   1576-2,2022-05-24,2022-11-30,190.0
서초구,서초동,"교대역 인근 서초중앙로 지중화 관로공사_A2,보도(1)",SK텔레콤㈜,착공계 접수,구도,차도,서초구 서초동   1573-5 ~ 서초동   1576-2,2022-05-24,2022-11-30,190.0
서초구,서초동,"교대역 인근 서초중앙로 지중화 관로공사_A2,보도(1)",SK텔레콤㈜,착공계 접수,특별시도,보도,서초구 서초동   1573-5 ~ 서초동   1576-2,2022-05-24,2022-11-30,190.0
서초구,서초동,"교대역 인근 서초중앙로 지중화 관로공사_A2,보도(1)",SK텔레콤㈜,착공계 접수,기타,보도,서초구 서초동   1573-5 ~ 서초동   1576-2,2022-05-24,2022-11-30,190.0
서초구,서초동,"교대역 인근 서초중앙로 지중화 관로공사_A2,보도(1)",SK텔레콤㈜,착공계 접수,구도,차도,서초구 서초동   1573-5 ~ 서초동   1576-2,2022-05-24,2022-11-30,190.0
서초구,서초동,"교대역 인근 서초중앙로 지중화 관로공사_A2,보도(1)",SK텔레콤㈜,착공계 접수,특별시도,보도,서초구 서초동   1573-5 ~ 서초동   1576-2,2022-05-24,2022-11-30,190.0
서초구,서초동,"교대역 인근 서초중앙로 지중화 관로공사_A2,보도(2)",드림라인㈜,착공계 접수,구도,차도,서초구 서초동   1573-5 ~ 서초동   1576-2,2022-05-24,2022-11-30,190.0
서초구,서초동,"교대역 인근 서초중앙로 지중화 관로공사_A2,보도(2)",드림라인㈜,착공계 접수,기타,보도,서초구 서초동   1573-5 ~ 서초동   1576-2,2022-05-24,2022-11-30,190.0
서초구,서초동,"교대역 인근 서초중앙로 지중화 관로공사_A2,보도(2)",드림라인㈜,착공계 접수,특별시도,보도,서초구 서초동   1573-5 ~ 서초동   1576-2,2022-05-24,2022-11-30,190.0
서초구,서초동,"교대역 인근 서초중앙로 지중화 관로공사_A2,보도(2)",드림라인㈜,착공계 접수,특별시도,보도,서초구 서초동   1573-5 ~ 서초동   1576-2,2022-05-24,2022-11-30,190.0
서초구,서초동,"교대역 인근 서초중앙로 지중화 관로공사_A2,보도(2)",드림라인㈜,착공계 접수,특별시도,보도,서초구 서초동   1573-5 ~ 서초동   1576-2,2022-05-24,2022-11-30,190.0
서초구,서초동,"교대역 인근 서초중앙로 지중화 관로공사_A2,보도(2)",드림라인㈜,착공계 접수,특별시도,보도,서초구 서초동   1573-5 ~ 서초동   1576-2,2022-05-24,2022-11-30,190.0
서초구,서초동,"교대역 인근 서초중앙로 지중화 관로공사_A2,보도(2)",드림라인㈜,착공계 접수,구도,차도,서초구 서초동   1573-5 ~ 서초동   1576-2,2022-05-24,2022-11-30,190.0
서초구,서초동,"교대역 인근 서초중앙로 지중화 관로공사_A2,보도(2)",드림라인㈜,착공계 접수,특별시도,보도,서초구 서초동   1573-5 ~ 서초동   1576-2,2022-05-24,2022-11-30,190.0
서초구,서초동,"교대역 인근 서초중앙로 지중화 관로공사_A2,보도(2)",드림라인㈜,착공계 접수,특별시도,보도,서초구 서초동   1573-5 ~ 서초동   1576-2,2022-05-24,2022-11-30,190.0
서초구,서초동,"교대역 인근 서초중앙로 지중화 관로공사_A2,보도(2)",드림라인㈜,착공계 접수,특별시도,보도,서초구 서초동   1573-5 ~ 서초동   1576-2,2022-05-24,2022-11-30,190.0
서초구,서초동,"교대역 인근 서초중앙로 지중화 관로공사_A2,보도(1)",드림라인㈜,착공계 접수,구도,차도,서초구 서초동   1573-5 ~ 서초동   1576-2,2022-05-24,2022-11-30,190.0
서초구,서초동,"교대역 인근 서초중앙로 지중화 관로공사_A2,보도(1)",드림라인㈜,착공계 접수,구도,보도,서초구 서초동   1573-5 ~ 서초동   1576-2,2022-05-24,2022-11-30,190.0
서초구,서초동,"교대역 인근 서초중앙로 지중화 관로공사_A2,보도(1)",드림라인㈜,착공계 접수,기타,보도,서초구 서초동   1573-5 ~ 서초동   1576-2,2022-05-24,2022-11-30,190.0
서초구,서초동,"교대역 인근 서초중앙로 지중화 관로공사_A2,보도(1)",드림라인㈜,착공계 접수,특별시도,보도,서초구 서초동   1573-5 ~ 서초동   1576-2,2022-05-24,2022-11-30,190.0
서초구,서초동,"교대역 인근 서초중앙로 지중화 관로공사_A2,보도(1)",드림라인㈜,착공계 접수,특별시도,보도,서초구 서초동   1573-5 ~ 서초동   1576-2,2022-05-24,2022-11-30,190.0
서초구,서초동,"교대역 인근 서초중앙로 지중화 관로공사_A2,보도(1)",드림라인㈜,착공계 접수,구도,차도,서초구 서초동   1573-5 ~ 서초동   1576-2,2022-05-24,2022-11-30,190.0
서초구,서초동,"교대역 인근 서초중앙로 지중화 관로공사_A2,보도(1)",드림라인㈜,착공계 접수,특별시도,보도,서초구 서초동   1573-5 ~ 서초동   1576-2,2022-05-24,2022-11-30,190.0
서초구,서초동,"교대역 인근 서초중앙로 지중화 관로공사_A2,보도(1)",드림라인㈜,착공계 접수,특별시도,보도,서초구 서초동   1573-5 ~ 서초동   1576-2,2022-05-24,2022-11-30,190.0
서초구,서초동,"교대역 인근 서초중앙로 지중화 관로공사_A2,보도(1)",드림라인㈜,착공계 접수,구도,차도,서초구 서초동   1573-5 ~ 서초동   1576-2,2022-05-24,2022-11-30,190.0
서초구,서초동,"교대역 인근 서초중앙로 지중화 관로공사_A2,보도(1)",드림라인㈜,착공계 접수,특별시도,보도,서초구 서초동   1573-5 ~ 서초동   1576-2,2022-05-24,2022-11-30,190.0
서초구,서초동,교대역 인근 서초중앙로 지중화 관로공사_A1(3),드림라인㈜,착공계 접수,특별시도,차도,서초구 서초동   1573-5 ~ 서초동   1576-2,2022-05-24,2022-11-30,190.0
서초구,서초동,교대역 인근 서초중앙로 지중화 관로공사_A1(2),드림라인㈜,착공계 접수,특별시도,차도,서초구 서초동   1573-5 ~ 서초동   1576-2,2022-05-24,2022-11-30,190.0
서초구,서초동,교대역 인근 서초중앙로 지중화 관로공사_A1(1),드림라인㈜,착공계 접수,특별시도,차도,서초구 서초동   1573-5 ~ 서초동   1576-2,2022-05-24,2022-11-30,190.0
관악구,봉천동,쑥고개로11길 31(봉천동 929-5)불량전주교체공사,㈜KT 서울남부마케팅단 관악지사,착공계 접수,구도,차도,관악구 봉천동   929-5 ~ 봉천동   929-5,2022-03-31,2022-12-31,275.0
서초구,서초동,"교대역 인근 서초중앙로 지중화 관로공사_A2,보도(2)",(주)LG유플러스,착공계 접수,구도,차도,서초구 서초동   1573-5 ~ 서초동   1576-2,2022-05-24,2022-11-30,190.0
서초구,서초동,"교대역 인근 서초중앙로 지중화 관로공사_A2,보도(2)",(주)LG유플러스,착공계 접수,기타,보도,서초구 서초동   1573-5 ~ 서초동   1576-2,2022-05-24,2022-11-30,190.0
서초구,서초동,"교대역 인근 서초중앙로 지중화 관로공사_A2,보도(2)",(주)LG유플러스,착공계 접수,특별시도,보도,서초구 서초동   1573-5 ~ 서초동   1576-2,2022-05-24,2022-11-30,190.0
서초구,서초동,"교대역 인근 서초중앙로 지중화 관로공사_A2,보도(2)",(주)LG유플러스,착공계 접수,특별시도,보도,서초구 서초동   1573-5 ~ 서초동   1576-2,2022-05-24,2022-11-30,190.0
서초구,서초동,"교대역 인근 서초중앙로 지중화 관로공사_A2,보도(2)",(주)LG유플러스,착공계 접수,특별시도,보도,서초구 서초동   1573-5 ~ 서초동   1576-2,2022-05-24,2022-11-30,190.0
서초구,서초동,"교대역 인근 서초중앙로 지중화 관로공사_A2,보도(2)",(주)LG유플러스,착공계 접수,특별시도,보도,서초구 서초동   1573-5 ~ 서초동   1576-2,2022-05-24,2022-11-30,190.0
서초구,서초동,"교대역 인근 서초중앙로 지중화 관로공사_A2,보도(2)",(주)LG유플러스,착공계 접수,구도,차도,서초구 서초동   1573-5 ~ 서초동   1576-2,2022-05-24,2022-11-30,190.0
서초구,서초동,"교대역 인근 서초중앙로 지중화 관로공사_A2,보도(2)",(주)LG유플러스,착공계 접수,특별시도,보도,서초구 서초동   1573-5 ~ 서초동   1576-2,2022-05-24,2022-11-30,190.0
서초구,서초동,"교대역 인근 서초중앙로 지중화 관로공사_A2,보도(2)",(주)LG유플러스,착공계 접수,특별시도,보도,서초구 서초동   1573-5 ~ 서초동   1576-2,2022-05-24,2022-11-30,190.0
서초구,서초동,"교대역 인근 서초중앙로 지중화 관로공사_A2,보도(2)",(주)LG유플러스,착공계 접수,특별시도,보도,서초구 서초동   1573-5 ~ 서초동   1576-2,2022-05-24,2022-11-30,190.0
서초구,서초동,"교대역 인근 서초중앙로 지중화 관로공사_A2,보도(1)",(주)LG유플러스,착공계 접수,구도,차도,서초구 서초동   1573-5 ~ 서초동   1576-2,2022-05-24,2022-11-30,190.0
서초구,서초동,"교대역 인근 서초중앙로 지중화 관로공사_A2,보도(1)",(주)LG유플러스,착공계 접수,기타,보도,서초구 서초동   1573-5 ~ 서초동   1576-2,2022-05-24,2022-11-30,190.0
서초구,서초동,"교대역 인근 서초중앙로 지중화 관로공사_A2,보도(1)",(주)LG유플러스,착공계 접수,구도,보도,서초구 서초동   1573-5 ~ 서초동   1576-2,2022-05-24,2022-11-30,190.0
서초구,서초동,"교대역 인근 서초중앙로 지중화 관로공사_A2,보도(1)",(주)LG유플러스,착공계 접수,특별시도,보도,서초구 서초동   1573-5 ~ 서초동   1576-2,2022-05-24,2022-11-30,190.0
서초구,서초동,"교대역 인근 서초중앙로 지중화 관로공사_A2,보도(1)",(주)LG유플러스,착공계 접수,특별시도,보도,서초구 서초동   1573-5 ~ 서초동   1576-2,2022-05-24,2022-11-30,190.0
서초구,서초동,"교대역 인근 서초중앙로 지중화 관로공사_A2,보도(1)",(주)LG유플러스,착공계 접수,구도,차도,서초구 서초동   1573-5 ~ 서초동   1576-2,2022-05-24,2022-11-30,190.0
서초구,서초동,"교대역 인근 서초중앙로 지중화 관로공사_A2,보도(1)",(주)LG유플러스,착공계 접수,특별시도,보도,서초구 서초동   1573-5 ~ 서초동   1576-2,2022-05-24,2022-11-30,190.0
서초구,서초동,"교대역 인근 서초중앙로 지중화 관로공사_A2,보도(1)",(주)LG유플러스,착공계 접수,기타,보도,서초구 서초동   1573-5 ~ 서초동   1576-2,2022-05-24,2022-11-30,190.0
서초구,서초동,"교대역 인근 서초중앙로 지중화 관로공사_A2,보도(1)",(주)LG유플러스,착공계 접수,구도,차도,서초구 서초동   1573-5 ~ 서초동   1576-2,2022-05-24,2022-11-30,190.0
서초구,서초동,"교대역 인근 서초중앙로 지중화 관로공사_A2,보도(1)",(주)LG유플러스,착공계 접수,특별시도,보도,서초구 서초동   1573-5 ~ 서초동   1576-2,2022-05-24,2022-11-30,190.0
서초구,서초동,교대역 인근 서초중앙로 지중화 관로공사_A1(3),(주)LG유플러스,착공계 접수,특별시도,차도,서초구 서초동   1573-5 ~ 서초동   1576-2,2022-05-24,2022-11-30,190.0
서초구,서초동,교대역 인근 서초중앙로 지중화 관로공사_A1(2),(주)LG유플러스,착공계 접수,특별시도,차도,서초구 서초동   1573-5 ~ 서초동   1576-2,2022-05-24,2022-11-30,190.0
서초구,서초동,교대역 인근 서초중앙로 지중화 관로공사_A1_(1),(주)LG유플러스,착공계 접수,특별시도,차도,서초구 서초동   1573-5 ~ 서초동   1576-2,2022-05-24,2022-11-30,190.0
강남구,논현동,논현로(1차) 지중화공사,한국전력공사 남서울사업본부(직할),착공계 접수,특별시도,보도,강남구 논현동   279-37 ~ 논현동   279-37,2022-04-04,2022-11-30,240.0
강남구,논현동,논현로(1차) 지중화공사,한국전력공사 남서울사업본부(직할),착공계 접수,특별시도,보도,강남구 논현동   279-37 ~ 논현동   279-37,2022-04-04,2022-11-30,240.0
강남구,논현동,논현로(1차) 지중화공사,한국전력공사 남서울사업본부(직할),착공계 접수,특별시도,차도,강남구 논현동   279-37 ~ 논현동   279-37,2022-04-04,2022-11-30,240.0
강남구,논현동,논현로(1차) 지중화공사,한국전력공사 남서울사업본부(직할),착공계 접수,특별시도,차도,강남구 논현동   279-37 ~ 논현동   279-37,2022-04-04,2022-11-30,240.0
강남구,논현동,논현로(1차) 지중화공사,한국전력공사 남서울사업본부(직할),착공계 접수,구도,차도,강남구 논현동   279-77 ~ 논현동   279-77,2022-04-04,2022-11-30,240.0
강남구,논현동,논현로(1차) 지중화공사,한국전력공사 남서울사업본부(직할),착공계 접수,구도,차도,강남구 논현동   279-36 ~ 논현동   279-36,2022-04-04,2022-11-30,240.0
강남구,논현동,논현로(1차) 지중화공사,한국전력공사 남서울사업본부(직할),착공계 접수,구도,차도,강남구 논현동   279-17 ~ 논현동   279-17,2022-04-04,2022-11-30,240.0
강남구,논현동,논현로(1차) 지중화공사,한국전력공사 남서울사업본부(직할),착공계 접수,구도,차도,강남구 논현동   74-30 ~ 논현동   74-30,2022-04-04,2022-11-30,240.0
강남구,논현동,논현로(1차) 지중화공사,한국전력공사 남서울사업본부(직할),착공계 접수,구도,차도,강남구 논현동   279-79 ~ 논현동   279-81,2022-04-04,2022-11-30,240.0
강남구,논현동,논현로(1차) 지중화공사,한국전력공사 남서울사업본부(직할),착공계 접수,구도,차도,강남구 논현동   279-81 ~ 논현동   279-81,2022-04-04,2022-11-30,240.0
강남구,논현동,논현로(1차) 지중화공사,한국전력공사 남서울사업본부(직할),착공계 접수,구도,차도,강남구 논현동   279-81 ~ 논현동   279-81,2022-04-04,2022-11-30,240.0
용산구,동자동,"동암간53L3외 노후경사전주 교체공사(361120213331,이엔티,박철)",한국전력공사 마포용산지사,착공계 접수,구도,차도,용산구 동자동   35-41 ~ 동자동   35-41부근,2022-06-16,2022-08-14,59.0
용산구,동자동,"동암간53L3외 노후경사전주 교체공사(361120213331,이엔티,박철)",한국전력공사 마포용산지사,착공계 접수,구도,차도,용산구 동자동   19-87 ~ 동자동   19-87부근,2022-06-16,2022-08-14,59.0
송파구,잠실동,송파구 잠실동 183-4번지 앞 도시가스 인입배관 공사,코원에너지서비스(주),착공계 접수,구도,차도,송파구 잠실동   183-4 ~ 잠실동   183-4,2022-06-13,2022-07-31,48.0
성북구,정릉동,정릉진입로(아리랑로19길) 지중화공사,㈜KT 수도권강북고객본부 월곡지점,착공계 접수,구도,차도,성북구 정릉동   정릉동 986 ~ 정릉동   정릉동 635-4,2022-04-29,2022-11-30,215.0
강남구,청담동,"삼성로SW 52C 해가해지 철거공사(정안,함동규)(차도)",한국전력공사 강남지사,착공계 접수,구도,차도,강남구 청담동   77-39 ~ 청담동   77-39,2022-05-26,2022-06-30,35.0
서초구,서초동,지하철승강편의시설(3-7공구)교대역 11번 상수도이설(보도),서울교통공사,착공계 접수,특별시도,보도,서초구 서초동   1715-7 ~ 서초동   1715-7,2022-01-10,2022-11-30,324.0
서초구,서초동,지하철승강편의시설(3-7공구)교대역 11번 상수도이설(보도),서울교통공사,착공계 접수,특별시도,보도,서초구 서초동   1715-7 ~ 서초동   1715-7,2022-01-10,2022-11-30,324.0
서초구,서초동,지하철승강편의시설(3-7공구)교대역13번 상수도이설(보도),서울교통공사,착공계 접수,특별시도,보도,서초구 서초동   1657-11 ~ 서초동   1657-11,2022-01-10,2022-11-30,324.0
용산구,후암동,"2020년 용산구 관내 상수도공사 (후암동 443-8, 시설물 설치)",중부수도사업소(급수운영과),착공계 접수,구도,차도,용산구 후암동   443-8 ~ 후암동   443-8,2022-04-20,2022-06-21,62.0
강남구,대치동,하나_대치동(주)바실리체 주택용전력 950KW 신설_함동규_강남71A_신설,한국전력공사 강남지사,착공계 접수,특별시도,보도,강남구 대치동   942-3 ~ 대치동   942-3,2022-06-02,2022-06-30,28.0
관악구,봉천동,@봉천동912-26 관악구청 순환로44TR 이설공사,한국전력공사 관악동작지사,착공계 접수,특별시도,보도,관악구 봉천동   912-26 ~ 봉천동   912-26,2022-05-26,2022-12-30,218.0
강남구,대치동,도곡초등학교 지중화 공사(보도),한국전력공사 남서울사업본부(직할),착공계 접수,구도,보도,강남구 대치동   936-18 ~ 대치동   923-5,2021-12-06,2022-06-30,206.0
관악구,봉천동,봉천로49길15(봉천동871-14)불량전주교체공사,㈜KT 서울남부마케팅단 관악지사,착공계 접수,구도,차도,관악구 봉천동   871-14 ~ 봉천동   871-14,2022-03-31,2022-12-31,275.0
성북구,정릉동,전강9번)성북구 정릉진입로 지중화공사-2 - 평해기전 - 김응배,한국전력공사 강북성북지사,착공계 접수,구도,차도,성북구 정릉동   506-19 ~ 정릉동   506-100,2022-05-11,2022-11-30,203.0
성북구,정릉동,전강9번)성북구 정릉진입로 지중화공사-2 - 평해기전 - 김응배,한국전력공사 강북성북지사,착공계 접수,구도,차도,성북구 정릉동   506-38 ~ 정릉동   506-46,2022-05-11,2022-11-30,203.0
성북구,정릉동,전강9번)성북구 정릉진입로 지중화공사-2 - 평해기전 - 김응배,한국전력공사 강북성북지사,착공계 접수,구도,차도,성북구 정릉동   506-66 ~ 정릉동   5506-160,2022-05-11,2022-11-30,203.0
성북구,정릉동,전강9번)성북구 정릉진입로 지중화공사-2 - 평해기전 - 김응배,한국전력공사 강북성북지사,착공계 접수,구도,차도,성북구 정릉동   506-9 ~ 정릉동   506-24,2022-05-11,2022-11-30,203.0
성북구,정릉동,전강9번)성북구 정릉진입로 지중화공사-2 - 평해기전 - 김응배,한국전력공사 강북성북지사,착공계 접수,구도,차도,성북구 정릉동   966-167 ~ 정릉동   506-41,2022-05-11,2022-11-30,203.0
성북구,정릉동,전강9번)성북구 정릉진입로 지중화공사-1 - 평해기전 - 김응배,한국전력공사 강북성북지사,착공계 접수,구도,차도,성북구 정릉동   446-4 ~ 정릉동   506-7,2022-05-11,2022-11-30,203.0
종로구,숭인동,2021 창신숭인 도시재생 노후하수관로 종합정비공사,종로구 치수과,착공계 접수,구도,차도,종로구 숭인동   종로56길5-7 ~ 숭인동   종로58길18,2022-03-18,2022-06-30,104.0
종로구,창신동,2021 창신숭인 도시재생 노후하수관로 종합정비공사,종로구 치수과,착공계 접수,구도,차도,종로구 창신동   종로44길 61 ~ 창신동   종로44길 64,2022-03-18,2022-06-30,104.0
송파구,삼전동,서울시 동남권지역 전기공급시설 전력구공사,한국전력공사 경인건설본부,착공계 접수,기타,기타,송파구 삼전동   20 ~ 삼전동   21,2022-01-01,2022-12-31,364.0
노원구,공릉동,공릉 외 1역 승강편의시설 설치공사(44공구)_공릉역(차도),서울교통공사,착공계 접수,구도,차도,노원구 공릉동   공릉동 385-4 공릉역 1번 출입구 일대 ~ 공릉동   공릉동 385-4 공릉역 1번 출입구 일대,2021-07-01,2023-03-12,619.0
노원구,공릉동,공릉 외 1역 승강편의시설 설치공사(44공구)_ 공릉역(보도),서울교통공사,착공계 접수,특별시도,보도,노원구 공릉동   공릉동 385-4 공릉역 1번 출입구 일대 ~ 공릉동   공릉동 385-4 공릉역 1번 출입구 일대,2021-07-01,2023-03-12,619.0
송파구,장지동,(심의166)  공릉 외 1역 승강편의시설 설치공사(44공구)-장지역,서울교통공사,착공계 접수,특별시도,보도,송파구 장지동   201-5 장지역 1번 출입구 일대 ~ 장지동   201-5 장지역 1번 출입구 일대,2021-07-01,2023-03-12,619.0
금천구,가산동,7호선 가산디지털단지역 출입구 신설공사(43공구),서울교통공사,착공계 접수,구도,차도/보도,금천구 가산동   가산동 371-12 가산디지털단지역 인근 이랜드앞 일대 ~ 가산동   가산동 371-12 가산디지털단지역 인근 이랜드앞 일대,2021-07-02,2023-03-05,611.0
종로구,창신동,2021 창신숭인 도시재생 노후하수관로 종합정비공사,종로구 치수과,착공계 접수,구도,차도,종로구 창신동   종로50길 3 ~ 창신동   종로50길 37,2022-03-18,2022-06-30,104.0
종로구,창신동,2021 창신숭인 도시재생 노후하수관로 종합정비공사,종로구 치수과,착공계 접수,구도,차도,종로구 창신동   종로50길34 ~ 창신동   종로50길34,2022-03-18,2022-06-30,104.0
관악구,신림동,2021년 신안산공사구간 지장이전(신림동1675호),㈜KT 서울남부마케팅단 구로지사,착공계 접수,특별시도,차도,관악구 신림동   1675호 ~ 신림동   1675호,2022-03-31,2022-07-30,121.0
관악구,신림동,2021년 신안산공사구간 지장이전(신림동1675호),㈜KT 서울남부마케팅단 구로지사,착공계 접수,특별시도,차도/보도,관악구 신림동   1675호 ~ 신림동   1675호,2022-03-31,2022-07-30,121.0
종로구,창신동,2021 창신숭인 도시재생 노후하수관로 종합정비공사,종로구 치수과,착공계 접수,구도,차도,종로구 창신동   종로 50길 2 ~ 창신동   청계천로 307,2022-03-18,2022-06-30,104.0
강남구,대치동,도곡초등학교 지중화,한국전력공사 남서울사업본부(직할),착공계 접수,구도,차도,강남구 대치동   1011-49 ~ 대치동   1011-49,2021-12-06,2022-06-30,206.0
강남구,대치동,도곡초등학교 지중화,한국전력공사 남서울사업본부(직할),착공계 접수,구도,차도,강남구 대치동   1011-62 ~ 대치동   1011-53,2021-12-06,2022-06-30,206.0
강남구,대치동,도곡초등학교 지중화,한국전력공사 남서울사업본부(직할),착공계 접수,구도,차도,강남구 대치동   1011-73 ~ 대치동   1011-64,2021-12-06,2022-06-30,206.0
강남구,대치동,도곡초등학교 지중화,한국전력공사 남서울사업본부(직할),착공계 접수,구도,차도,강남구 대치동   1011-64 ~ 대치동   1011-64,2021-12-06,2022-06-30,206.0
강남구,대치동,도곡초등학교 지중화,한국전력공사 남서울사업본부(직할),착공계 접수,구도,차도,강남구 대치동   917-14 ~ 대치동   917-14,2021-12-06,2022-06-30,206.0
강남구,대치동,도곡초등학교 지중화,한국전력공사 남서울사업본부(직할),착공계 접수,구도,차도,강남구 대치동   1011-62 ~ 대치동   917-22,2021-12-06,2022-06-30,206.0
강남구,대치동,도곡초등학교 지중화,한국전력공사 남서울사업본부(직할),착공계 접수,구도,차도,강남구 대치동   919-18 ~ 대치동   919-18,2021-12-06,2022-06-30,206.0
강남구,대치동,도곡초등학교 지중화,한국전력공사 남서울사업본부(직할),착공계 접수,구도,차도,강남구 대치동   1011-62 ~ 대치동   1011-64,2021-12-06,2022-06-30,206.0
강남구,대치동,도곡초등학교 지중화,한국전력공사 남서울사업본부(직할),착공계 접수,구도,차도,강남구 대치동   1011-73 ~ 대치동   1011-62,2021-12-06,2022-06-30,206.0
강남구,대치동,도곡초등학교 지중화,한국전력공사 남서울사업본부(직할),착공계 접수,구도,차도,강남구 대치동   1011-84 ~ 대치동   1011-84,2021-12-06,2022-06-30,206.0
강남구,대치동,도곡초등학교 지중화,한국전력공사 남서울사업본부(직할),착공계 접수,특별시도,보도,강남구 대치동   1026 ~ 대치동   1026,2021-12-06,2022-06-30,206.0
강남구,대치동,도곡초등학교 지중화,한국전력공사 남서울사업본부(직할),착공계 접수,특별시도,차도,강남구 대치동   1026 ~ 대치동   1026,2021-12-06,2022-06-30,206.0
중구,장충동2가,동대입구역 2번출구 엘리베이터 설치공사,서울교통공사,착공계 접수,특별시도,차도,중구 장충동2가   199-3 ~ 장충동2가   199-3,2021-12-06,2022-08-31,268.0
서대문구,현저동,지하철 승강편의시설 토목건축공사(3-6공구),서울교통공사,착공계 접수,특별시도,차도,서대문구 현저동   통일로 17 ~ 현저동   통일로 17,2022-01-10,2022-11-19,313.0
서대문구,현저동,지하철 승강편의시설 토목건축공사(3-6공구),서울교통공사,착공계 접수,특별시도,차도,서대문구 현저동   통일로 17 ~ 현저동   통일로 17,2022-01-10,2022-11-19,313.0
은평구,대조동,지하철승강편의시설(3-9공구)상수도이설,서울교통공사,착공계 접수,특별시도,보도,은평구 대조동   15-9 ~ 대조동   15-9,2022-03-01,2022-07-31,152.0
은평구,대조동,지하철승강편의시설(3-9공구)상수도이설,서울교통공사,착공계 접수,특별시도,차도,은평구 대조동   15-9 ~ 대조동   15-9,2022-03-01,2022-07-31,152.0
서대문구,현저동,지하철 승강편의시설 토목건추공사(3-6공구),서울교통공사,착공계 접수,특별시도,차도,서대문구 현저동   통일로 7 ~ 현저동   통일로 7,2022-01-10,2022-11-19,313.0
서초구,서초동,지하철 승강편의시설(3-7공구)(교대역13번출구 하수관 이설공사),서울교통공사,착공계 접수,특별시도,차도,서초구 서초동   1657-5 ~ 서초동   1657-5,2022-01-10,2022-11-30,324.0
서초구,서초동,지하철 승강편의시설(3-7공구)(교대역13번출구 상수관 이설공사),서울교통공사,착공계 접수,특별시도,차도,서초구 서초동   1657-5 ~ 서초동   1657-5,2022-01-10,2022-11-30,324.0
서초구,서초동,지하철승강편의시설(3-7공구)(교대역11번출구 하수관 이설공사),서울교통공사,착공계 접수,특별시도,차도,서초구 서초동   1715-6 ~ 서초동   1715-6,2022-01-10,2022-11-30,324.0
서초구,서초동,지하철 승강편의시설 토목건축공사(3-7공구),서울교통공사,착공계 접수,특별시도,차도,서초구 서초동   1715-6 ~ 서초동   1715-6,2022-01-10,2022-11-30,324.0
서초구,서초동,지하철 승강편의시설 토목건축공사(3-7공구),서울교통공사,착공계 접수,특별시도,보도,서초구 서초동   1715-7 ~ 서초동   1715-7,2022-01-10,2022-11-30,324.0
종로구,숭인동,창신숭인 도시재생선도지역 노후하수관로 종합정비공사,종로구 치수과,착공계 접수,구도,차도,종로구 숭인동   1423 ~ 숭인동   1422,2022-03-21,2022-06-30,101.0
종로구,창신동,창신숭인 도시재생선도지역 노후하수관로 종합정비공사,종로구 치수과,착공계 접수,특별시도,보도,종로구 창신동   526-5 ~ 창신동   525,2022-03-21,2022-07-31,132.0
서초구,서초동,지하철 승강편의시설 교대역 11번출구 에스컬레이터 설치공사,서울교통공사,착공계 접수,특별시도,차도,서초구 서초동   1715-7 ~ 서초동   1715-7,2022-01-10,2022-11-30,324.0
서초구,서초동,지하철 승강편의시설 토목건축공사(3-7공구),서울교통공사,착공계 접수,특별시도,보도,서초구 서초동   1715-7 ~ 서초동   1715-7,2022-01-10,2022-11-30,324.0
은평구,대조동,지하철 승강편의시설 토목건축공사(3-9공구),서울교통공사,착공계 접수,특별시도,차도,은평구 대조동   15-1 ~ 대조동   15-1,2022-03-01,2022-07-31,152.0
은평구,대조동,지하철 승강편의시설 토목건축공사(3-9공구),서울교통공사,착공계 접수,특별시도,보도,은평구 대조동   15-1 ~ 대조동   15-1,2022-03-01,2022-07-31,152.0
서대문구,현저동,지하철 승강편의시설 토목건축공사(3-6공구) 독립문역,서울교통공사,착공계 접수,특별시도,차도/보도,서대문구 현저동   102-49도(독립문역 4번출구) ~ 현저동   102-53도(독립문역 4번출구,2022-03-02,2022-11-19,262.0
광진구,능동,군자역 8번 출입구 승강편의시설 설치공사(에스컬레이터),서울특별시 도시철도공사,착공계 접수,특별시도,차도,광진구 능동   천호대로 550(군자역 8번 출입구 인근) ~ 능동   천호대로 550(군자역 8번 출입구 인근,2022-02-23,2022-08-31,189.0
광진구,능동,군자역 8번 출입구 승강편의시설 설치공사(에스컬레이터),서울특별시 도시철도공사,착공계 접수,특별시도,보도,광진구 능동   천호대로 550(군자역 8번 출입구 인근) ~ 능동   천호대로 550(군자역 8번 출입구 인근,2022-02-23,2022-08-31,189.0
노원구,상계동,노원 외 1역 승강편의시설 설치공사(노원역),서울특별시 도시철도공사,착공계 접수,특별시도,차도/보도,노원구 상계동   동일로 1409(노원역 5번 출입구 인근) ~ 상계동   동일로 1409(노원역 5번 출입구 인근,2021-08-17,2022-06-30,317.0
강서구,화곡동,"까치산 외 1역 승강편의시설 설치공사(39공구, 까치산역)_원인자",서울특별시 도시철도공사,착공계 접수,특별시도,차도/보도,강서구 화곡동   강서로 38 ~ 화곡동   강서로 38,2021-09-08,2022-06-30,295.0
서초구,서초동,교대역 13출구 엘리베이터 설치공사,서울교통공사,착공계 접수,특별시도,차도,서초구 서초동   서초중앙로 116일원 ~ 서초동   서초중앙로 116일원,2022-01-10,2022-11-30,324.0
서초구,서초동,교대역 13출구 엘리베이터 설치공사,서울교통공사,착공계 접수,특별시도,보도,서초구 서초동   서초중앙로 116일원 ~ 서초동   서초중앙로 116일원,2022-01-10,2022-11-30,324.0
