시도명,시군구명,지반침하지역상세정보,위도,경도,발생일자,발생규모폭,발생규모연장,발생규모깊이,발생지역지질종류명,최초발생원인,피해사망자수,피해부상자수,피해차량대수,복구상태명,복구방법,복구비용,복구완료일자,데이터기준일자
경기도,고양시 덕양구,행신동 1121,0E-10,0E-10,20190722,1,1,0.5,,맨홀 파손,0,0,0,복구완료,맨홀 주변 포장후 복구완료,0,2019-07-24,0001-01-01
경기도,고양시 덕양구,화전동 274-3,0E-10,0E-10,20190822,1,1,0.5,,도로다짐 불량,0,0,0,복구완료,도로포장 복구완료,0,2019-08-24,0001-01-01
경기도,고양시 덕양구,226-4번지,0E-10,0E-10,20190508,0.5,0.5,1,,하수관 손상,0,0,0,복구완료,관로 교체 및 포장 복구 완료,0,2019-05-29,2019-11-22
경기도,고양시 덕양구,976,37.6324000000,126.8330000000,20220803,1,1,1.5,,,0,0,0,복구완료,되메우기,0,2022-08-03,0001-01-01
경기도,고양시 덕양구,298-3,0E-10,0E-10,20190212,1,1,3,,하수관 손상,0,0,0,복구완료,우수관로 교체 및 도로 포장 복구 완료,0,2019-06-30,2019-11-22
경기도,고양시 덕양구,백석동 1335 일원(백석로),0E-10,0E-10,20191221,25,50,2.5,,건축공사중 흙막이 벽체 내로 외부지하수 유출로 인한 지반침하 발생,0,0,0,복구완료,"긴급복구공사는 완료 하였으며, 외부 차수그라우팀 실시 후 도로복구 예정",0,2019-12-23,0001-01-01
경기도,고양시 덕양구,594-12,0E-10,0E-10,20190605,1,1,2,,하수관 손상,0,0,0,복구완료,이음부 몰탈마감 및 포장 복구 완료,0,2019-06-10,2019-11-22
경기도,고양시 덕양구,218-6번지,0E-10,0E-10,20190510,1,0.5,1,,하수관 손상,0,0,0,복구완료,관로 교체 및 포장 복구 완료,0,2019-05-29,2019-11-22
경기도,고양시 덕양구,704번지,37.6402000000,126.8750000000,20220821,2,4,1.7,,하수관로 관 파손 및 균열에 따른 토사 유실,0,0,0,복구완료,긴급보수공사 실시,0,2022-08-21,0001-01-01
경기도,고양시 덕양구,910-55,37.6878000000,126.8650000000,20230531,1.5,1,1,,소화전 누수,0,0,0,복구완료,소방서 복구 예정,0,2023-06-01,0001-01-01
경기도,고양시 덕양구,177-2번지,0E-10,0E-10,20190503,1,1,1.5,,하수관 손상,0,0,0,복구완료,이음부 몰탈마감 및 포장 복구 완료,0,2019-05-04,2019-11-22
경기도,고양시 덕양구,동산동 368-2,0E-10,0E-10,20190702,1,1,0.5,,맨홀 시공 불량,0,1,1,복구완료,맨홀 주변 포장후 복구완료,0,2019-07-04,0001-01-01
경기도,고양시 일산동구,1288-1,0E-10,0E-10,20190523,1,1,1,,하수관 손상,0,0,0,복구완료,이음부 몰탈마감 및 포장 복구 완료,0,2019-06-13,2019-11-22
경기도,고양시 일산동구,1510,37.6557000000,126.7690000000,20220816,1.5,1.5,1.5,,다짐(되메우기) 불량,0,0,0,복구완료,긴급보수공사 실시,0,2022-08-16,0001-01-01
경기도,고양시 일산동구,1297,37.6440000000,126.7880000000,20220609,3,2,2,,"신축공사현장 3차 침하 1차(2022.5.31.), 2차(2022.6.6.)",0,0,0,임시복구,되메우기,0,2022-06-09,0001-01-01
경기도,고양시 일산동구,1297,37.6441000000,126.7880000000,20220606,5,1.5,2,,1차 사고로 인한 지반 약화 추정 *1차사고(2022.5.31.),0,0,0,임시복구,긴급 되메우기 완료,0,2022-06-06,0001-01-01
경기도,고양시 일산동구,1297,37.6440000000,126.7880000000,20220531,3,10,2,,굴착공사 중 지반침하,0,0,0,임시복구,되메우기,0,2022-05-31,0001-01-01
경기도,고양시 일산동구,1297,37.6440000000,126.7880000000,20221005,2,5,1,,굴착공사 부실,0,0,0,복구완료,되메우기,0,2022-10-05,0001-01-01
경기도,고양시 일산동구,백석동 1460,0E-10,0E-10,20190703,1,1,0.5,,하수관 손상으로 인하여 침하,0,0,0,복구완료,이음부 몰탈마감 및 포장 복구 완료,0,2019-07-05,0001-01-01
경기도,고양시 일산동구,802-1,37.6516000000,126.7790000000,20211230,3,7,0.5,,발생 원인 파악 중,0,0,0,복구중,계획 중,0,2021-12-31,0001-01-01
경기도,고양시 일산동구,백석동 1532,37.6403000000,126.7890000000,20200824,1,1,1,기타,"집중호우로 인한 지반약화, 장기 지반침하로 인한 땅꺼짐",0,0,0,복구완료,"되메우기, 다짐시공 후 포장",0,2020-08-30,0001-01-01
경기도,고양시 일산동구,199-2번지 일원,0E-10,0E-10,20180307,2.5,2.5,2,,하수관 손상,0,0,1,복구완료,하수관로 보수 후 되메우기 및 재포장하여 복구 완료,0,2018-03-07,0001-01-01
경기도,고양시 일산서구,151,0E-10,0E-10,20180903,3,2,0.5,,하수관 손상,0,0,0,복구완료,굴착부분 되메우기 재시공 및 포장 복구 완료,0,2018-09-28,2019-11-22
경기도,고양시 일산서구,2340,0E-10,0E-10,20180816,2.5,2,1.5,,하수관 손상,0,0,0,복구완료,굴착부분 되메우기 재시공 및 포장 복구 완료,0,2018-08-20,2019-11-22
경기도,고양시 일산서구,1398,0E-10,0E-10,20190611,1,1,0.5,,하수관 손상,0,0,0,복구완료,이음부 몰탈마감 및 포장 복구 완료,0,2019-06-20,2019-11-22
경기도,고양시 일산서구,274-25,0E-10,0E-10,20190523,1,1,0.5,,하수관 손상,0,0,0,복구완료,이음부 몰탈마감 및 포장 복구 완료,0,2019-05-30,2019-11-22
경기도,고양시 일산서구,2428,37.6739000000,126.7440000000,20240723,2,3,1,,빗물받이 연결관 파손,0,0,0,복구완료,연결관 교체,0,2024-07-24,0001-01-01
경기도,고양시 일산서구,일산동 1025-13,37.6840000000,126.7690000000,20200814,2,2,0.1,기타,호우로 인한 지반약화 및 인근  공사차량으로통행으로 인한,0,0,0,복구완료,포장복구,0,2020-08-30,0001-01-01
경기도,고양시 일산서구,대화동 2409번지,37.6803000000,126.7570000000,20200814,3,3,1,기타,집중호우로 인한 지반약화,0,0,0,복구완료,포장복구,0,2020-08-16,0001-01-01
경기도,고양시 일산서구,대화동 2513,37.6735000000,126.7410000000,20200716,15,5,0.2,기타,집중호우로 인한 지반약화,0,0,0,복구완료,포장복구,0,2020-07-18,0001-01-01
경기도,고양시 일산서구,일산동 1979,0E-10,0E-10,20190926,1,1,0.3,,하수관 파손으로 인한 토사 유실,0,0,0,복구완료,파손된 하수관 주변 굴착하여 하수관 보수 후 아스콘 포장,0,2019-09-28,0001-01-01
경기도,고양시 일산서구,2607-4,37.6656000000,126.7480000000,20230531,4,6,0.25,,GTX 공사 현장으로 원인 파악 중,0,0,0,복구완료,개착 복구 예정,0,2023-07-31,0001-01-01
경기도,고양시 일산서구,583-67,37.6887000000,126.7770000000,20230404,2,2.2,1.4,,하수관 손상,0,0,0,복구완료,복구완료,0,2023-04-04,0001-01-01
경기도,고양시 일산서구,14,0E-10,0E-10,20190514,1,1,0.5,,하수관 손상,0,0,0,복구완료,이음부 몰탈마감 및 포장 복구 완료,0,2019-05-16,2019-11-22
경기도,과천시,605-1,37.4455000000,126.9960000000,20200812,2,3,0.3,기타,과천동 605-1 일원 (남태령 지하차도 상부도로 상하행선)  도로하부 매설된 하천박스 누수로 인한 토사 유출 추정,0,0,0,복구완료,절삭 포장 시공,0,2020-08-12,0001-01-01
경기도,과천시,1-9,0E-10,0E-10,20200630,1.5,1.5,2,,하수관 파손으로 인한 토사 유출로 지반침하 발생,0,0,0,복구완료,굴착부분 되메우기 재시공 및 포장 복구 완료,0,2020-07-02,0001-01-01
경기도,과천시,1023-27,0E-10,0E-10,20200506,1.5,1.5,1.2,,하수관 파손으로 인한 토사 유출로 지반침하 발생,0,1,0,복구완료,하수관 보수 및 소파 보수 조치,0,2020-05-08,0001-01-01
경기도,과천시,539-3,0E-10,0E-10,20200303,1.5,1.5,1.2,,하단부 하천박스 누수,0,0,0,복구완료,긴급보수공사 실시 및 차량보상,0,2020-03-05,0001-01-01
경기도,과천시,,37.4469000000,126.9950000000,20210629,1,1,1.5,,,0,0,0,복구완료,포장복구 완료,0,2021-06-29,0001-01-01
경기도,과천시,115-1,37.4249000000,127.0080000000,20220808,4,9,1.5,기타,하수관로 교체작업 다짐불량으로 인하여 침하,0,0,0,복구완료,긴급보수공사 실시,3000000,2022-08-10,0001-01-01
경기도,과천시,661,37.4230000000,126.9890000000,20200810,1.2,2,0.3,기타,하수관 파손으로 인한 토사유출 추정,0,0,0,복구완료,기층채움 및 포장,0,2020-08-10,0001-01-01
경기도,과천시,21-13,37.4153000000,126.9850000000,20200925,1.5,3,1.5,기타,하수관 파손으로 인한 토사유출,0,0,0,복구완료,"토사 채움 및 다짐, 포장",0,2020-09-25,0001-01-01
경기도,광주시,27-15,0E-10,0E-10,20181015,0.5,60,0.1,,하수관 손상,0,0,0,복구완료,"폐하수관 되메우기, 굴착부분 다짐 및 주변도로 재포장",0,2018-11-05,2018-11-05
경기도,구리시,584-3,0E-10,0E-10,20200616,0.2,0.2,1.5,,하수박스 내 상수관로 관통,0,0,0,복구완료,내부 되채움 및 포장면 복구,0,2020-06-18,0001-01-01
경기도,구리시,863번지,0E-10,0E-10,20200221,0.15,0.2,1,,하수관로 손상에 의한 토사유출,0,0,0,복구완료,관로복구 및 되채움,0,2020-02-23,0001-01-01
경기도,구리시,동구릉로 200번길(한진그랑빌 앞),0E-10,0E-10,20190704,2,2,0.6,,개인하수관로 파손으로 인한 토사유실,0,0,0,복구완료,"관로복구 및 되채움, 포장면 복구공사",0,2019-07-06,0001-01-01
경기도,구리시,635-3번지 쉐보레 정비소 앞,0E-10,0E-10,20190725,0.5,0.5,1,,하수관로 손상에 의한 토사유출,0,0,0,복구완료,긴급개착 확인 및 내부 되채움,0,2019-07-27,0001-01-01
경기도,구리시,813번지,37.5891000000,127.1380000000,20200826,16,15,21,기타,별내선 복선전철 터널공사 시공관리 미흡,0,0,0,복구중,그라우팅,0,2021-12-31,0001-01-01
경기도,구리시,223-2번지 (중앙예식장 사거리),0E-10,0E-10,20180811,0.3,0.3,0.5,,하수관로 연결불량으로 토사 유실,0,0,0,복구완료,"해당구간 굴착하토 및 연결불량 보수, 포장복구",0,2018-08-11,2019-01-10
경기도,구리시,681-1번지,37.6044000000,127.1420000000,20210419,1.5,5,1.2,,,0,0,0,복구완료,골재 채움,0,2021-06-30,0001-01-01
경기도,군포시,1189,0E-10,0E-10,20180125,1,1,0.3,,하수관로 교체작업 다짐불량으로 인하여 침하,0,0,1,복구완료,긴급보수공사 실시 및 차량보상,0,2018-02-01,2019-11-21
경기도,군포시,994-2,37.3470000000,126.9540000000,20230520,2.2,2.2,2.9,기타,하수관로 손상,0,0,0,복구완료,하수관로 손상으로 사고지점 굴착하여 손상된 하수관로 제거 후 신설관로 시공하여 지반 및 도로복구,0,2023-05-25,0001-01-01
경기도,군포시,917번지,37.3475000000,126.9450000000,20200710,0.5,0.5,1,,노후하수관로 파손(토사유실)으로 인한 싱크홀 발생,0,0,0,복구완료,파손부분 보수,0,2020-09-28,0001-01-01
경기도,군포시,1157,37.3760000000,126.9390000000,20240801,0.8,10,0.5,기타,도로 인접 아파트 옹벽 배면부 뒷채움재 침하로 인한 공동 발생,0,0,0,복구완료,되메우기 및 다짐,0,2024-08-16,0001-01-01
경기도,김포시,389-15,37.6327000000,126.7110000000,20210922,1.2,2.8,0.24,기타,2019년 2월부터 2020년 8월 까지의 시공과정(웰크론한텍)에서 발생되어진 공동으로 중단되어진 공사가 개시되면서 토사가 가라앉으며 발생됨,0,0,0,복구완료,침하구간 아스콘 철거 및 수직그라우팅 보강 후 재포장,15000000,2021-09-23,0001-01-01
경기도,김포시,389-15,37.6323000000,126.7110000000,20211104,1.5,2,0.25,기타,2019년 2월부터 2020년 8월 까지의 시공과정(웰크론한텍)에서 발생되어진 공동으로 중단되어진 공사가 개시되면서 토사가 가라앉으며 발생됨,0,0,0,복구완료,"침하구간 아스콘 철거, 토사+골재 채움 및 다짐 후 아스콘포장",10000000,2021-11-05,0001-01-01
경기도,김포시,389-15,37.6319000000,126.7110000000,20210904,8,12,2,기타,2019년 2월부터 2020년 8월까지 진행되었던 공사과정 중 본관건물 하부 토사가 증축공사 구간으로 슬라이딩 유출되면서 공동이 형성되어 있었던 것으로 추정됨,0,0,0,복구완료,동공 내 레미콘 타설 후 JSP보강 실시,85000000,2021-10-15,0001-01-01
경기도,김포시,신곡리 281-118,37.6062000000,126.7700000000,20211018,2,1.5,0.2,기타,신곡9지구 아파트 신축 굴착에 따른 흙막이공 시공과 관리 부주의로 인한 지반 침하로 발생한 것으로 추정,0,0,0,복구완료,"상수관로 탈락부위 마감캡 설치(이탈방지압륜 등), 마감캡 부위 탈락방지 보강 설치",3980000,2021-10-18,0001-01-01
경기도,남양주시,용정리 788-5,37.6573000000,127.1810000000,20240723,1,1,0.5,호상편마암,하수관거(우수 및 오수) 파손(5~7m)으로 인한 싱크홀 발생,0,0,1,복구완료,"자갈, 흙 메움 및 시트 덮기(하수관 손상 복구 필요",3000000,2024-09-09,0001-01-01
경기도,남양주시,409번지,0E-10,0E-10,20190410,0.5,1,0.5,,다짐(되메우기) 불량,0,0,0,복구완료,포장 복구 완료,0,2019-04-13,2019-04-13
경기도,남양주시,374-10,0E-10,0E-10,20180516,1,2,1,,우수관 파손,0,0,0,복구완료,굴착부분 되메우기 재시공 및 포장 복구 완료,0,2018-05-25,2018-05-25
경기도,남양주시,도농로중촌2길 26-24(다산동 4046번지 일원),37.6089000000,127.1560000000,20200822,1.5,2,2,기타,"상하수도관 노후 손상으로 지반침하 및 함몰 발생 (대상지는 &apos;92.12.13. 도농동 주거환경개선공사 사업 완료된 구간으로, 노후화에 따른 파손 예상됨.)",0,0,0,복구완료,굴착부분 되메우기 재시공 및 포장 복구 완료,0,2020-08-22,0001-01-01
경기도,남양주시,가곡리 23-61번지,37.6868000000,127.3140000000,20240206,3,2.6,5,,우수관(D1000㎜) 파손으로 인한 우수 유출되어 지반 침식으로 싱크홀 발생,0,0,1,복구완료,"우수관 부분 교체 및 골재 채움, 아스콘 포장",7000000,2024-02-07,0001-01-01
경기도,남양주시,가곡리 23-59번지,37.6864000000,127.3150000000,20240304,1.5,2,2,,우수관 파손으로 인한 지반 침식으로 싱크홀 발생,0,0,1,복구완료,"우수관 부분 부분 교체 및 골재 채움, 아스콘 포장(사고발생 현황보고 반영, 7.23)",10000000,2024-03-07,0001-01-01
경기도,남양주시,내각리 440,37.6983000000,127.1660000000,20240716,17,6,0.1,,오수 우수 암거 굴착공사,0,0,0,복구완료,아스콘 복구,0,2024-07-16,0001-01-01
경기도,남양주시,560-4,37.6605000000,127.2370000000,20240419,0.7,0.5,1,,노후 수로관(파형강관 2열) 매설지점으로 도로 지반침하 발생,0,0,0,복구완료,수로관 교체 및 아스콘 복구,3000000,2024-04-20,0001-01-01
경기도,남양주시,458-26,0E-10,0E-10,20190627,1.5,2.5,1.5,,노후로 인한 집수정 손상,0,1,0,복구완료,"이중벽관 접합, 되메우기 및 포장 복구 완료",0,2019-06-29,2019-11-19
경기도,남양주시,559-4,37.6595000000,127.2380000000,20240419,0.3,0.3,2.7,,노후 수로관(파형강관 2열)매설지점으로 도로 지반침하 발생,0,0,0,복구완료,수로관 보수 및 아스콘 복구,12000000,2024-04-20,0001-01-01
경기도,남양주시,435-8,0E-10,0E-10,20180618,0,0,1,,우수관 파손,0,0,0,복구완료,굴착부분 되메우기 재시공 및 포장 복구 완료,0,2018-06-18,0001-01-01
경기도,남양주시,175-13번지,0E-10,0E-10,20181218,0.3,4,1,,우수관로 파손,0,0,0,복구완료,우수관로연결공사 및 아스콘 포장 복구 완료,1851000,2018-12-26,2019-11-21
경기도,동두천시,121-1,0E-10,0E-10,20180619,0.7,0.8,1,,포장다짐 불량,0,0,0,복구완료,모래충진복구완료,0,2018-06-20,0001-01-01
경기도,동두천시,동두천시경계 ∼ 상패동 980-2,0E-10,0E-10,20191115,0.6,620,0.2,,도시가스관 공사후 다짐불량 으로 인한 땅꺼짐,0,0,0,복구완료,되메우기,0,2019-11-17,0001-01-01
경기도,부천시,100-29,37.4801000000,126.8110000000,20230520,1,1,2,,하수관로 파손으로 인한 침하 발생,0,0,0,복구완료,하수관로(흄관) 교체 및 포장 복구,0,2023-05-23,0001-01-01
경기도,부천시,중동 1058-4,0E-10,0E-10,20190813,1,1.2,0.7,,굴착결과 특이사항 없었음. 건물 앞 기초부분 밑으로 유실된것으로 추정,0,0,0,복구완료,유실 구간 모래채움 및 다짐공사 실시,0,2019-08-15,0001-01-01
경기도,부천시,고강동 415-4번지,0E-10,0E-10,20191018,6,7,3,,하수관 손상으로 인하여 침하,0,0,0,복구완료,긴급보수공사 실시,0,2019-10-20,0001-01-01
경기도,부천시,중동 1150,0E-10,0E-10,20191226,2.5,2.5,1.5,,상수도 누수로 인한 토사 유실,0,0,0,복구완료,수도시설과에서 누수복구 작업 실시,0,2019-12-28,0001-01-01
경기도,부천시,괴안동 167,0E-10,0E-10,20200414,0.5,20,0.1,,대규모 건축공사장 터파기 시 CIP를 설치하지 않는 일부구간에 지반침하,0,0,0,복구완료,건축시공사에서 복구 예정,0,2020-04-16,0001-01-01
경기도,부천시,원미동 181-3,0E-10,0E-10,20180313,1,1,0.5,,하수관 노후,0,0,0,복구완료,하수관 접합부 보수 후 포장 복구 완료,0,2018-03-15,2019-11-20
경기도,부천시,420-1(동남삼거리),0E-10,0E-10,20180313,3,170,0.3,,지하철 공사 포장공사시 다짐불량 등으로 토사유실로 침하 발생,0,0,0,복구완료,지반침하 부분 소파보수 조치,0,2018-05-11,2019-11-20
경기도,부천시,83-28번지,0E-10,0E-10,20180313,1.6,1.8,0.3,,집수받이 연결관 파손,0,0,0,복구완료,집수받이 정비,0,2018-06-21,2019-11-20
경기도,부천시,113-5 봉오대로 자전거도로,0E-10,0E-10,20180313,1.5,1.5,0.3,,다짐불량에 따른 자전거도로 파손,0,0,0,복구완료,자전거도로 소규모 파손 응급복구 완료,0,2018-04-13,2019-11-20
경기도,부천시,189-96,0E-10,0E-10,20180315,1,1,0.5,,하수관 노후,0,0,0,복구완료,하수관 보수 후 포장 복구 완료,0,2018-03-16,2019-11-20
경기도,부천시,368-6(동남삼거리),0E-10,0E-10,20180315,1,1,1,,지하철 공사 포장공사시 다짐불량 등으로 토사유실로 침하 발생,0,0,0,복구완료,지반침하 부분 소파보수 조치,0,2018-05-11,2019-11-20
경기도,부천시,196,0E-10,0E-10,20180402,1,1,0.3,,기타,0,0,0,복구완료,지반침하 부분 소파보수 조치,0,2018-06-28,2019-11-20
경기도,부천시,679-5번지,0E-10,0E-10,20180604,0.5,2,0.3,,노후 하수관과 맨홀 접합부 손상으로 토사 유실,0,0,0,복구완료,하수관 접합부 보수 후 포장 복구 완료,0,2018-06-05,2019-11-20
경기도,부천시,420-13번지,0E-10,0E-10,20180604,3,1,0.6,,노후 하수관 손상으로 토사 유실,0,0,0,복구완료,하수관 접합부 보수 후 포장 복구 완료,0,2018-06-05,2019-11-20
경기도,부천시,380-11,0E-10,0E-10,20180611,0,0,0.5,,하수맨홀 노후,0,0,0,복구완료,하수맨홀 보수 후 포장 복구 완료,0,2018-06-11,0001-01-01
경기도,부천시,108,0E-10,0E-10,20190605,1,3,0.07,,하수맨홀 연결접합 불량으로 인한 토사유실,0,0,0,복구완료,되메우기 후 포장복구 완료,0,2019-07-01,2019-11-20
경기도,부천시,790,37.4694000000,126.8240000000,20210711,2.5,2.5,2.5,,하수관로 파손,0,0,0,복구완료,파손부위 보수 및 흙 되메우기,0,2021-08-18,0001-01-01
경기도,부천시,1142-4,0E-10,0E-10,20190614,1,1.5,1,,전기배선 하부 다짐불량으로 발생한 것으로 판단됨,0,0,0,복구완료,유실 구간 골재 채움 및 다짐공사 실시,0,2019-06-14,2019-11-20
경기도,부천시,1105(신흥로쪽 삼거리),0E-10,0E-10,20190625,1.2,2,1.7,,가스배관 철판하부 및 엘보구간 다짐불량으로 인한 모래유실(모래층 다 파도,0,0,0,복구완료,유실 구간 모래채움 및 다짐공사 실시,0,2019-06-25,2019-11-20
경기도,부천시,부흥로200번길 18,0E-10,0E-10,20190625,0.6,0.5,1,,하수관 손상에 따른 토사 유실,0,0,0,복구완료,하수관로 보수 및 포장 완료,0,2019-06-26,2019-11-20
경기도,부천시,83-2번지,0E-10,0E-10,20190629,1,2,0.2,,개인배수설비불량,0,0,0,복구완료,온세미로컨덱터 원인자 복구예정,0,2019-08-06,2019-11-20
경기도,부천시,중동 1151,0E-10,0E-10,20190701,2,2,1.7,,상수도 누수로 인한 토사 유실,0,0,0,복구완료,수도시설과에서 누수복구 작업 실시,0,2019-07-03,0001-01-01
경기도,부천시,약대동 80-11,0E-10,0E-10,20190701,0.3,0.3,1.3,,하수도 맨홀 연결관 접합부 부실로 인한 토사유실,0,0,0,복구완료,하수과에 연락하여 보수요청,0,2019-07-03,0001-01-01
경기도,부천시,148-9,0E-10,0E-10,20180206,1,1,0.2,,하수관 파손으로 인한 토사 유출로 지반침하 발생,0,0,0,복구완료,하수관 보수 및 소파 보수 조치,0,2018-03-17,2019-11-20
경기도,부천시,76-1번지,0E-10,0E-10,20180206,2,4,1.5,,하수관로 파손에 따른 토사유실,0,0,0,복구완료,하수관 보수 및 소파보수,0,2018-06-21,2019-11-20
경기도,부천시,72-5번지,0E-10,0E-10,20180209,2,1.8,0.2,,하수관로 파손에 따른 토사유실,0,0,0,복구완료,하수관 보수 및 소파보수,0,2018-06-21,2019-11-20
경기도,부천시,155-1번지,0E-10,0E-10,20180221,5.4,6,0.2,,다짐불량,0,0,0,복구완료,소파보수,0,2018-06-21,2019-11-20
경기도,부천시,111-8번지,0E-10,0E-10,20180221,2.5,10,1,,하수관로 파손에 따른 토사유실,0,0,0,복구완료,하수관 보수 및 소파보수,0,2018-06-21,2019-11-20
경기도,부천시,5 로얄아파트 일원,0E-10,0E-10,20180221,1,2,0.1,,다짐불량에 따른 도로파손,0,0,0,복구완료,도로 소규모 파손복구 완료,0,2018-03-07,2019-11-20
경기도,부천시,부천종합운동장역,0E-10,0E-10,20180305,7,8,1.2,,하수맨홀 내부 토사유실,0,0,0,복구완료,맨홀정비 및 소파보수,0,2018-06-21,2019-11-20
경기도,부천시,421-1(동남삼거리),0E-10,0E-10,20180309,3,3,1.5,,하수관 파손으로 인한 토사 유출로 지반침하 발생,0,0,0,복구완료,하수관 보수 및 소파 보수 조치,0,2018-03-30,2019-11-20
경기도,부천시,7번지,0E-10,0E-10,20180309,5,7,1.5,,하수관로 파손에 따른 토사유실,0,0,0,복구완료,하수관 보수 및 소파보수,0,2018-06-21,2019-11-20
경기도,부천시,까치울역사거리,0E-10,0E-10,20180312,4,4,0.3,,하수맨홀 내부 토사유실,0,0,0,복구완료,맨홀정비 및 소파보수,0,2018-06-21,2019-11-20
경기도,부천시,까치울사거리역,0E-10,0E-10,20180312,4,4,0.3,,하수맨홀 내부 토사유실,0,0,0,복구완료,맨홀보수,0,2018-04-16,2019-11-20
경기도,부천시,257,37.4822000000,126.7930000000,20220702,1,2.5,2.5,,맨홀 접합부 하수관 파손에 의한 침하,0,1,1,복구완료,맨홀 접합부위 하수관 파손 보수 및 소파보수,0,2022-07-04,0001-01-01
경기도,부천시,617-140,37.4764000000,126.7790000000,20220809,3,4,1.8,,노후 하수관 유실 및 맨홀 구체 파손으로 인한 침하,0,0,1,복구완료,지반침하 발생 장소에 잡석 포설로 임시복구 완료(2022.8.9.字) 및 하수관 교체 및 다짐 공사 완료(2022.8.11.字),0,2022-08-11,0001-01-01
경기도,부천시,18-38,0E-10,0E-10,20180628,0,0,0.5,,하수관 노후,0,0,0,복구완료,하수관 보수 후 포장 복구 완료,0,2018-06-28,0001-01-01
경기도,부천시,76-1번지,0E-10,0E-10,20180716,2,4,1.5,,하수관로 파손에 따른 토사유실,0,0,0,복구완료,하수관 보수 및 소파보수,0,2018-12-14,2019-11-20
경기도,부천시,소사동3-4,0E-10,0E-10,20180717,0,0,0.5,,하수맨홀 노후,0,0,0,복구완료,하수맨홀 보수 후 포장 복구 완료,0,2018-07-18,0001-01-01
경기도,부천시,75-9번지,0E-10,0E-10,20180717,2,1.8,0.2,,하수관로 파손에 따른 토사유실,0,0,0,복구완료,하수관 보수 및 소파보수,0,2018-12-14,2019-11-20
경기도,부천시,17-15,0E-10,0E-10,20180723,1,1,0.5,,하수맨홀 노후,0,0,0,복구완료,하수맨홀 보수 후 포장 복구 완료,0,2018-07-24,2019-11-20
경기도,부천시,1-23번지,0E-10,0E-10,20180723,1,1,0.2,,집수받이 연결관 파손,0,0,0,복구완료,집수받이 정비,0,2018-12-14,2019-11-20
경기도,부천시,155-1번지,0E-10,0E-10,20180726,5.4,6,0.2,,다짐불량,0,0,0,복구완료,소파보수,0,2018-12-14,2019-11-20
경기도,부천시,33-1번지,0E-10,0E-10,20180801,3,10,0.2,,다짐불량,0,0,0,복구완료,소파보수,0,2018-12-14,2019-11-20
경기도,부천시,까치울사거리역,0E-10,0E-10,20180812,4,4,0.3,,하수맨홀 내부 토사 유실,0,0,0,복구완료,맨홀 인상 등 복구 완료,0,2018-09-10,2019-11-20
경기도,부천시,349-6,0E-10,0E-10,20180815,1,1,0.5,,하수관 노후,0,0,0,복구완료,하수관 보수 후 포장 복구 완료,0,2018-08-15,2019-11-20
경기도,부천시,106-17번지,0E-10,0E-10,20180822,2,2.4,0.2,,다짐불량,0,0,0,복구완료,소파보수,0,2018-12-14,2019-11-20
경기도,부천시,349-3,0E-10,0E-10,20180903,3,5,0.5,,하수관 노후,0,0,0,복구완료,하수관 보수 후 포장 복구 완료,0,2018-09-03,2019-11-20
경기도,부천시,260-5번지,0E-10,0E-10,20180903,3.5,10,0.2,,다짐불량,0,0,0,복구완료,소파보수,0,2018-12-14,2019-11-20
경기도,부천시,85-3번지,0E-10,0E-10,20180907,5,13,0.2,,다짐불량,0,0,0,복구완료,소파보수,0,2018-12-14,2019-11-20
경기도,부천시,126-36번지,0E-10,0E-10,20180910,2.8,18,0.2,,다짐불량,0,0,0,복구완료,소파보수,0,2018-12-14,2019-11-20
경기도,부천시,177-149번지,0E-10,0E-10,20180911,4,16,0.2,,다짐불량,0,0,0,복구완료,소파보수,0,2018-12-14,2019-11-20
경기도,부천시,399-11,0E-10,0E-10,20180912,4,10,0.5,,하수관 노후,0,0,0,복구완료,하수관 보수 후 포장 복구 완료,0,2018-09-12,2019-11-20
경기도,부천시,426-4,0E-10,0E-10,20180912,1,1,0.5,,하수관 노후,0,0,0,복구완료,하수관 보수 후 포장 복구 완료,0,2018-09-13,2019-11-20
경기도,부천시,75-5번지,0E-10,0E-10,20180912,3,12,0.2,,원인미상의 토사유실,0,0,0,복구완료,소파보수,0,2018-12-14,2019-11-20
경기도,부천시,200-1번지,0E-10,0E-10,20180912,2.4,70,0.3,,다짐불량,0,0,0,복구완료,소파보수,0,2018-12-14,2019-11-20
경기도,부천시,50-4번지,0E-10,0E-10,20180920,1.5,27,0.2,,다짐불량,0,0,0,복구완료,소파보수,0,2018-12-14,2019-11-20
경기도,부천시,628-10번지,0E-10,0E-10,20180920,1,1,1,,개인하수도 연결관 손상으로 인한 토사 유실,0,0,0,복구완료,해당건물 주인을 통하여 복구 완료,0,2018-09-21,2019-11-20
경기도,부천시,83-20번지,0E-10,0E-10,20180924,1.5,20,0.2,,다짐불량,0,0,0,복구완료,소파보수,0,2018-12-14,2019-11-20
경기도,부천시,80-3번지,0E-10,0E-10,20180926,2.5,19,0.3,,다짐불량,0,0,0,복구완료,소파보수,0,2018-12-14,2019-11-20
경기도,부천시,산55-4번지,0E-10,0E-10,20181014,6,13,0.3,,다짐불량,0,0,0,복구완료,소파보수,0,2018-12-14,2019-11-20
경기도,부천시,136-2번지,0E-10,0E-10,20181019,6,3,0.3,,다짐불량,0,0,0,복구완료,소파보수,0,2018-12-14,2019-11-20
경기도,부천시,162-34번지,0E-10,0E-10,20181021,2,4,0.3,,다짐불량,0,0,0,복구완료,소파보수,0,2018-12-14,2019-11-20
경기도,부천시,경인옛로 111,0E-10,0E-10,20190213,2,0.7,0.03,,굴착공사 시 다짐부족,0,0,0,복구완료,되메우기 후 포장복구 완료,0,2019-02-13,2019-11-20
경기도,부천시,72-5번지,0E-10,0E-10,20190321,0.5,2,0.2,,다짐불량,0,0,0,복구완료,소파보수,0,2019-05-14,2019-11-20
경기도,부천시,심중로 55,0E-10,0E-10,20190410,2.5,98,0.7,,상수도 공사시 다짐이 충분하지 않았던 것으로 판단,0,0,0,복구완료,유실 구간 골재 채움 및 다짐공사 실시,0,2019-04-12,2019-11-20
경기도,부천시,1056 사거리 코너,0E-10,0E-10,20190502,2,2,2,,인근 하수 박스 공사시 다짐이 충분하지 않았던 것으로 판단됨,0,0,0,복구완료,유실 구간 골재 채움 및 다짐공사 실시,0,2019-05-02,2019-11-20
경기도,부천시,심곡로34번길 43 앞 사거리,0E-10,0E-10,20190503,0.7,1,1,,맨홀 하부 파손에 따른 토사유출,0,0,0,복구완료,맨홀 보수 및 포장 복구 완료,0,2019-05-05,2019-11-20
경기도,부천시,72-9번지,0E-10,0E-10,20190522,0.5,3,0.2,,다짐불량,0,0,0,복구완료,소파보수,0,2019-04-15,2019-11-20
경기도,부천시,중동 859-5,37.4866000000,126.7690000000,20200820,3,2.2,1,,폐하수관 미처리에 따른 지반 침하 발생,0,0,0,복구완료,굴착복구 공사 진행,0,2020-08-21,0001-01-01
경기도,부천시,93-58,37.4808000000,126.7920000000,20220831,2,2,1.5,,맨홀 하부 다짐불량으로 인한 지반 함몰 발생,0,1,0,복구완료,맨홀 보수 및 되메우기 완료,0,2022-09-06,0001-01-01
경기도,부천시,1033-5,37.5048000000,126.7650000000,20230508,2,5,1.5,,우천으로 인한 보도 침하 발생 추정,0,0,0,복구완료,유실 부분 흙채움 및 보도 복구,0,2023-05-09,0001-01-01
경기도,성남시 분당구,726-1,37.4005000000,127.1130000000,20221224,6,5,1.6,충척층,"광역상수도관로(D2,600) 관체 균열로 인한 누수 발생",0,0,0,복구완료,관로 누수복구(가시설설치) 및 굴착부분 되메우기(가시설철거),0,2023-01-16,0001-01-01
경기도,성남시 분당구,376-11,37.3525000000,127.1020000000,20220809,3,3,1.5,기타,하수관 파손으로 인한 토사 유출로 지반침하 발생,0,8,1,복구완료,"골재, 시멘트, 록하드 채움 후 다짐, 포장 등",5000000,2022-08-12,0001-01-01
경기도,성남시 수정구,3499,37.4423000000,127.1360000000,20230921,0.5,0.5,1,기타,상수도 파손으로 인한 누수발생. 지반 쓸림현상에 따른 포트홀로 추정,0,0,0,복구완료,굴착복구,0,2023-09-22,0001-01-01
경기도,성남시 중원구,중앙동1 단대오거리역 중앙,37.4448000000,127.1570000000,20220701,3,3,1.5,기타,호우,0,1,1,복구완료,흙 다지기 및 되메우기 재시공 및 포장 복구 완료,0,2022-07-02,0001-01-01
경기도,수원시,우만동 293-12,0E-10,0E-10,20191225,0.4,0.4,1,,개인 배수설비 파손,0,0,0,복구완료,긴급보수공사 실시,0,2019-12-27,0001-01-01
경기도,수원시 권선구,376-7,37.2827000000,126.9500000000,20230526,4.5,3,0.06,,비개착공법으로 도로하부 추진 중 공극발생 등에 의한 원인 추정,0,0,0,복구완료,1. 비개착 박스 라이닝 설치 2. 박스 상부 측면 그라우팅 보강 3. 계측기 재설치 4. 고속도로 포장,0,2023-07-07,0001-01-01
경기도,수원시 영통구,영통동 1055,37.2606000000,127.0800000000,20200826,0.5,1.2,1.5,,지하철 시설물(엘리베이터)옆 지중 토사유실로 지반함몰발생,0,0,0,복구완료,"재료채움으로 함몰위치 긴급보수, 보도블럭 복구 및 안전시설물 설치",72840,2020-08-26,0001-01-01
경기도,수원시 팔달구,1142(경기도 수원시 팔달구 효원로 286-2),37.2614000000,127.0330000000,20240711,0.4,6.5,1,,집중호우 시 우수침투로 인한 공동 발생,0,0,0,복구완료,골재 충진 후 다짐 실시 이후 아스팔트 가포장 완료 경과를 지켜 본 후 이상 없을 시 본포장 계획,0,2024-07-11,0001-01-01
경기도,수원시 팔달구,323-5번지 앞,0E-10,0E-10,20180614,0,0,1.2,,하수관 접합부 손상,0,0,0,복구완료,하수관 접합부 보수 후 포장 복구 완료,0,2018-06-14,0001-01-01
경기도,수원시 팔달구,212-2번지 앞,0E-10,0E-10,20180613,0,0,1.1,,하수관 접합부 손상,0,0,0,복구완료,하수관 접합부 보수 후 포장 복구 완료,0,2018-06-13,0001-01-01
경기도,수원시 팔달구,수원시청역 사거리 교차로 내,0E-10,0E-10,20180419,0.5,0.3,1.1,,지하철 공사 시 설치한 시트파일 사이 공간의 다짐불량으로 장기간 공극이 발생,0,0,0,복구완료,토사유실부분 되메우기 재시공 및 포장,0,2018-04-20,2019-11-22
경기도,수원시 팔달구,수원시청역 사거리 교차로 내,0E-10,0E-10,20181222,3,4,0.1,,지하철 공사 시 설치한 가시설을 제거하지 않고 매몰하여 폐자재 사이에 빈 공간이 생겨 상부 지반의 토사가 장시간에 걸쳐 그 빈공간으로 흘러 내리면서 지반침하 발생,0,0,0,복구완료,토사유실부분 되메우기 재시공 및 포장,0,2018-12-22,2019-11-22
경기도,수원시 팔달구,수원시청역 사거리 교차로 내,0E-10,0E-10,20181010,2,1.5,0.1,,지하철 공사 시 설치한 가시설을 제거하지 않고 매몰하여 폐자재 사이에 빈 공간이 생겨 상부 지반의 토사가 장시간에 걸쳐 그 빈공간으로 흘러 내리면서 지반침하 발생,0,0,0,복구완료,토사유실부분 되메우기 재시공 및 포장,0,2018-10-11,2019-11-22
경기도,수원시 팔달구,수원시청역 사거리 교차로 내,0E-10,0E-10,20180829,2,4,0.2,,지하철 공사 시 설치한 가시설을 제거하지 않고 매몰하여 폐자재 사이에 빈 공간이 생겨 상부 지반의 토사가 장시간에 걸쳐 그 빈공간으로 흘러 내리면서 지반침하 발생,0,0,0,복구완료,토사유실부분 되메우기 재시공 및 포장,0,2018-08-30,2019-11-22
경기도,수원시 팔달구,수원시청역 사거리 교차로 내,0E-10,0E-10,20180715,1,1,0.15,,지하철 공사 시 설치한 가시설을 제거하지 않고 매몰하여 폐자재 사이에 빈 공간이 생겨 상부 지반의 토사가 장시간에 걸쳐 그 빈공간으로 흘러 내리면서 지반침하 발생,0,0,0,복구완료,토사유실부분 되메우기 재시공 및 포장,0,2018-07-16,2019-11-22
경기도,시흥시,,37.3853000000,126.8600000000,20210408,0.5,0.5,0.2,,상수관로 제수변 인근 아스콘 포장불량,0,1,0,복구완료,아스콘 포장,0,2021-04-08,0001-01-01
경기도,시흥시,993-1,37.3894000000,126.7440000000,20200831,1,1,0.3,,장마로 인한 토사 유실,0,0,0,복구완료,흙 다지기 및 되메우기 재시공 및 포장 복구,0,2021-09-06,0001-01-01
경기도,시흥시,정왕동 2707-1,37.3251000000,126.6770000000,20230126,10,20,0.7,기타,흙막이벽체(지하연속벽) 시공이음부 콘크리트 재로분리로 인한 공극부 누수 발생,0,0,0,복구완료,"① 누수구간 급결제를 사용하여 단계별로 차단하고 누수차단과 동시에 차수그라우팅 실시 ② 누수차단 및 그라우팅 완료 후 기초콘크리트 타설 ③ 침하구간 상부노면 굴착하여 지장물의 침하정도 확인 및 관련기관(시흥시 하수관리과, 건설행정과 등) 협의 후 복구계획 수립 및 복구",0,2023-03-31,0001-01-01
경기도,시흥시,2605-6,37.3254000000,126.7000000000,20230315,1,1,1.2,,"지반침하 발생부근 인근의 임시포장도로에서 되메우기불량으로 지반침하 발생부근의 토사가 유실된 것으로 추정되며, 침하도로 이용차량 약 7대에 경미한 피해 발생",0,0,7,복구완료,침하발생구간 긴급 및 임시복구 조치(골재채움),0,2023-03-16,0001-01-01
경기도,시흥시,정왕동 2697번지 인근,37.3266000000,126.6830000000,20211004,20,30,1,기타,인접대지 상호 굴착공사 동시 시행으로 도로침하 발생  - 도로 양측에서 진행하고 있는 굴착공사의 영향범위가 중첩되어 도로에 지반침하 발생,0,0,0,복구완료,- 차수 및 지반보강 실시- 지반침하 발생도로 양쪽 진입로 차량통행 금지- 발생도로 하부의 각 매설물 점검 요청,0,2021-11-12,0001-01-01
경기도,시흥시,1004-5 인근,37.3902000000,126.7410000000,20230613,1.5,2,0.2,,흙막이 벽체 누수 발생,0,0,0,복구완료,"기존 아스콘 철거 및 골재되메우기, 아스콘포장",0,2023-06-13,0001-01-01
경기도,시흥시,1004-4번지 외 3필지,37.3900000000,126.7410000000,20230618,4,10,0.4,,6.13.에 발생한 누수가 지속되어 추가침하 발생,0,0,0,복구완료,"- GPR탐사 수행 완료(발견된 공동 없음) - 누수 발생부분(GL-11m) S.G.R 그라우팅으로 차수보강 - 침하부분 굴착하여 지하매설물(상수관, 도시가스, 오수관) 담당자 입회 하에 이상유무 확인 및 뒤채움 - 뒤채움 시 시멘트 안정처리(soil cement)를 사용, 향후 활하중과 우수침투에 의한 침하를 방지하여 매설물 파손 예방",0,2023-06-30,0001-01-01
경기도,안산시 단원구,"초지동 803-6(위도 : 37.32179069, 경도 : 126.80578876)",37.3215000000,126.8060000000,20230813,0.5,1,2,기타,하수관거(오수관)과 맨홀 접합부 파손에 의한 보도구간 땅꺼짐 및 싱크홀발생,0,1,0,복구완료,싱크홀 구간 보도블럭 재포장,0,2023-08-14,0001-01-01
경기도,안산시 단원구,"초지동 634, 고가도로 -&gt; 주유삼거리 방향 1차선(위도 : 37.30232139, 경도 : 126.80345991)",37.3023000000,126.8030000000,20230609,1.2,1.6,0.6,,원인 파악 중,0,0,0,임시복구,록카드 임시복구 후 시설물관리기관(하수과)에 협조요청,0,2023-06-09,0001-01-01
경기도,안산시 단원구,551-1,37.2414000000,126.6010000000,20220811,1.5,2,1,충척층,가스관 시공 부실로 인한 지반침하 발생,0,0,0,복구완료,"긴급복구공사 실시, 임시복구 완료",0,2022-08-25,0001-01-01
경기도,안산시 단원구,839-12,37.3033000000,126.7390000000,20220605,7,15.9,0.31,기타,"흙막이벽 SCW 하단(GL-34.6,M) 지층(풍화토)으로 도로의 지하수 유입으로 인한 침하발생",0,0,0,임시복구,"현장내 흙막이벽 주변 및 주변 차수 공법 시행, 지반안정화 후 도로포장,차선도색 완료",0,2022-07-04,0001-01-01
경기도,안산시 상록구,1639-24,37.2868000000,126.8280000000,20210113,10,50,5,기타,"시공시 과굴착, 엄지말뚝 근입깊이 부족, 설계시 검토되지 않은 중장비 사용 설계 변경시 지반정수 과다 적용, 지반수위 상이적용",0,0,0,복구완료,건설공사장 되메우기 및 도로 복구 공사,0,2021-06-06,0001-01-01
경기도,안성시,두교리 117-1 (두교산업단지 입구),37.0158000000,127.4440000000,20220907,1,1,2,기타,다짐불량으로 인해 집중호우 시 우수관 접합부 탈락,0,1,0,복구완료,우수관 접합부 고정 및 되메우기,0,2022-09-07,0001-01-01
경기도,안양시 동안구,1022-5,0E-10,0E-10,20180607,1,1,1,,하수관 접합부위 파손에 따른 토사 유실,0,0,0,복구완료,하수관 접합부위 보수 후 포장 복구 완료,0,2018-06-08,2019-11-20
경기도,안양시 동안구,1014-1,0E-10,0E-10,20180628,1,1,1,,하수관 접합부위 파손에 따른 토사 유실,0,0,0,복구완료,하수관 접합부위 보수 후 포장 복구 완료,0,2018-06-29,2019-11-20
경기도,안양시 만안구,석수동 241-43,0E-10,0E-10,20190701,2,2,2,,맨홀 접합부 파손,0,0,0,복구완료,긴급보수공사 실시,0,2019-07-03,0001-01-01
경기도,안양시 만안구,201-7,37.4163000000,126.9150000000,20220701,1,1,0.2,기타,지하보도 상부의 도로부 침하,0,0,1,복구완료,긴급보수공사 실시 및 차량보상,1000000,2022-07-01,0001-01-01
경기도,안양시 만안구,433-8,37.4323000000,126.9000000000,20220810,1,3,1.5,기타,토사 유실,0,0,1,복구완료,포장 복구 완료,4000000,2022-08-30,0001-01-01
경기도,안양시 만안구,안양동 192-5,0E-10,0E-10,20191104,2,2,2,,하수관로 연결부위 파손,0,0,0,복구완료,긴급보수공사 실시,0,2019-11-06,0001-01-01
경기도,양주시,719-1,37.7944000000,127.0170000000,20220704,3,3,4,,호우로 인한 지반침하로 수로관 파열,0,0,0,복구완료,수로관 준설 후 복구,0,2022-07-08,0001-01-01
경기도,양주시,887,37.8218000000,127.0540000000,20220806,1.5,2,1.5,화강암류,하수관 누수로 인해 인도(보도블럭 3칸) 일부 침하,0,0,0,임시복구,LH 양주사업본부에서 하수관 하자 기간으로  해당 지역 되메우기를 통해 임시복구 완료 8월 16일까지 보도블록 설치,0,2022-08-16,0001-01-01
경기도,양주시,311-4,0E-10,0E-10,20191017,1.5,2,0.1,,도시가스관 연결작업후 다짐(되메우기) 불량으로 인하여 침하,0,0,0,복구완료,굴착부분 되메우기 재시공 및 포장 복구 완료 (골재다짐 및 콘크리트포장),0,2019-10-19,0001-01-01
경기도,양주시,340,0E-10,0E-10,20191017,1,1.5,0.1,,도시가스관 연결작업후 다짐(되메우기) 불량으로 인하여 침하,0,0,0,복구완료,굴착부분 되메우기 재시공 및 포장 복구 완료 (골재다짐 및 콘크리트포장),0,2019-10-19,0001-01-01
경기도,양주시,화합로 201,37.8586000000,126.9590000000,20180319,1.7,1.2,1,,시공부실,0,0,0,복구완료,굴착부분 되메우기 재시공 및 포장 복구 완료,0,2018-03-21,2019-11-22
경기도,여주시,산북파출소 앞,0E-10,0E-10,20181126,1,3,0.1,,급수공사 후 포장미복구로 인한 침하,0,0,2,복구완료,"차량파손 보상 완료, 포장복구 완료",0,2018-11-28,2018-11-28
경기도,여주시,280-3 일원,0E-10,0E-10,20181126,1,1.5,0.1,,관로공사 후 포장미복구로 인한 침하,0,0,1,복구완료,"차량파손 보상 완료, 포장복구 완료",0,2018-11-27,2018-11-27
경기도,여주시,굴암1길 33,0E-10,0E-10,20180921,1,1.5,0.1,,급수공사 후 도로침하,0,0,1,복구완료,"차량파손 보상 완료, 포장복구 완료",0,2018-09-23,2018-09-23
경기도,여주시,광여로 1526,0E-10,0E-10,20180626,1,2,0.1,,급수공사 후 지반침하,0,0,1,복구완료,"차량파손 보상 완료, 포장복구 완료",0,2018-06-26,2018-06-26
경기도,여주시,427-7 삼한아파트 진입로,0E-10,0E-10,20180620,1,1,0.5,,우수에 의한 토사 유실,0,0,0,복구완료,토사유실부분 되메우기 재시공 및 포장,0,2018-06-20,2018-06-20
경기도,여주시,138 하나빌라 앞,0E-10,0E-10,20180415,1,1,0.5,,우수에 의한 토사 유실,0,0,0,복구완료,토사유실부분 되메우기 재시공 및 포장,0,2018-04-15,2018-04-15
경기도,오산시,458-2,37.1352000000,127.0690000000,20220809,2,5,1.5,기타,"중호우로 인한 하수관로(D1,100㎜) 접속부 유격 발생 및 토사 유실로 인한 지반침하 발생",0,0,0,복구완료,"1. 08.09일 사고대응     - 09:00 지반침하 사고 접수 및 현장출동     - 09:30 굴착조사 및 임시복구 공사 시작     - 11:30 임시복구 공사 완료 (해당 차선 통제 유지)  2. 08.17일      - 파손된 하수관거 교체후 되메우기, 포장복구, 주변 보도블록 정비완료",0,2022-08-17,0001-01-01
경기도,오산시,603-1,37.1518000000,127.0670000000,20220815,1.5,1,2.5,기타,폭우로 인한 지하수위상승,0,0,0,임시복구,공동발생개소 도상 자갈 되메우기(자갈보충 2.15m) 시행,0,2022-09-01,0001-01-01
경기도,용인시 기흥구,356번지,37.2946000000,127.1180000000,20180608,0.3,0.4,1,,우수맨홀 내부 파손에 의한 토사유입,0,0,0,복구완료,맨홀보수 후 포장완료,0,2018-06-08,2018-12-31
경기도,용인시 기흥구,695번지,37.2402000000,127.1110000000,20240725,1.5,2,0.7,,우수관 파손으로 인한 토사 유실,0,0,0,복구완료,파손관 보수 및 되메우기 등,0,2024-11-01,0001-01-01
경기도,용인시 기흥구,139 현대필그린아파트 단지 내,37.3065000000,127.1300000000,20180817,1,1,1.5,,우수관 손상으로 누수 및 토사 유실,0,0,0,복구완료,우수관 손상부 보수 후 복구 완료,0,2018-08-17,2018-12-31
경기도,용인시 기흥구,37-4번지,37.2232000000,127.0910000000,20240110,3,12,1.5,,인근 광역상수3단계 설치공사 현장 지하수 펌핑에 따른 지반침하 가능성 있음,0,0,0,복구완료,토사·골재 반입 후 되메우기 및 다짐,56000000,2024-06-12,0001-01-01
경기도,용인시 수지구,풍덕천동 1045-1번지,37.3222000000,127.0940000000,20210419,1.5,15,0.01,호상편마암,PVC관(D80mm)을 토류판 가로 버팀보 받침대(브라켓)에 올려 되메우기한 후 토사가 침하되어 급수관 탈락,0,0,0,복구완료,연간단가를 통한 수도관 복구 및 보도정리,25000000,2021-04-19,0001-01-01
경기도,용인시 수지구,수지구청역 1번출입구,37.3227000000,127.0950000000,20210724,3,100,0.5,,"수지구청역 모든 출입구 도로가 침하중이며, 상세 발생 원인은 지하철 공사시 다짐 불충분으로 판된되나 정확한 것은 알 수없음",0,0,1,복구중,현재 수지구청역은 경기철도 주식회사에서 이관되지 않은 시설물로써 도로시설물도 인수인계 되지 않은 상태임. 민원접수시 포트홀 보수나 보도블록 보수 등으로 긴급 복구 중이나 지속적으로 침하되는 실정임. (8.31. 경기철도 주식회사에서 복구하여 인수인계 예정임을 통보받은 상태임.),0,2021-09-30,0001-01-01
경기도,용인시 수지구,361-11,37.3226000000,127.0600000000,20240718,3,4,5,,우수관 파손,0,0,0,복구완료,"토사, 골재 반입 후 되메우기 및 다짐",0,2024-08-29,0001-01-01
경기도,용인시 수지구,69-112번지,37.3250000000,127.1000000000,20180627,1,1,1,,오수맨홀 내부 파손에 의한 토사유입,0,0,0,복구완료,맨홀보수 후 포장완료,0,2018-06-27,2018-12-31
경기도,용인시 처인구,1045-7번지 일원,37.1313000000,127.3020000000,20240616,6,6,1.5,,"용인반도체 클러스터 일반산업단지 전력구 공사 터널 공사 중 발생 직경 6m, 깊이 1.5m",0,0,0,복구완료,농지 복토,300000000,2024-06-16,0001-01-01
경기도,용인시 처인구,양지면 남곡리 130-2,37.2330000000,127.2860000000,20200803,1,1,0.5,,하수관 파손으로 토사 유실 및 침하 발생,0,0,0,복구완료,하수관로 교체 및 아스콘 포장,0,2020-09-10,0001-01-01
경기도,용인시 처인구,383번지,37.2341000000,127.2010000000,20180515,1,1,1,,노후 우수관과 맨홀 접합부 손상으로 누수 및 토사 유실,0,0,0,복구완료,우수관 접합부 보수 후 포장 복구 완료,0,2018-05-15,2018-12-31
경기도,의왕시,철도박물관로 223,0E-10,0E-10,20200309,1,1.2,0.05,,기타매설공사 다짐 불량,0,0,0,복구완료,록하드 임시 조치,0,2020-03-11,0001-01-01
경기도,의왕시,231-14,0E-10,0E-10,20190724,0.8,1.3,0.1,,통신관로 침하,0,0,0,복구완료,록하드 임시 조치,0,2019-07-26,0001-01-01
경기도,의왕시,새능교 앞,0E-10,0E-10,20200211,1,2,0.05,,우주맨홀 주변 다짐 불량,0,0,0,복구완료,록하드 임시 조치,0,2020-02-13,0001-01-01
경기도,의왕시,293,0E-10,0E-10,20200130,1.5,2.5,0.1,,제수변 공사 다짐 불량,0,0,0,복구완료,절삭 후 재포장,0,2020-02-01,0001-01-01
경기도,의왕시,485-5,0E-10,0E-10,20191001,0.8,1.4,0.1,,하수관로 침하,0,0,0,복구완료,록하드 임시 조치,0,2019-10-03,0001-01-01
경기도,의왕시,351-3,37.3113000000,126.9550000000,20200901,3,0.8,0.1,,상하수관공사 부실,0,0,0,임시복구,록하드 임시 조치,0,2020-09-01,0001-01-01
경기도,의왕시,440-8,37.4038000000,127.0090000000,20200730,1,1.3,0.7,,우수관 다짐불량,0,0,0,임시복구,포대아스콘 임시 보수,0,2020-07-30,0001-01-01
경기도,의왕시,295,0E-10,0E-10,20200326,0.3,4,0.03,,우수관로 노후,0,0,0,복구완료,록하드 임시 조치,0,2020-03-28,0001-01-01
경기도,의왕시,680,0E-10,0E-10,20190715,1,2.5,0.1,,기타매설물 침하,0,0,0,복구완료,록하드 임시 조치,0,2019-07-17,0001-01-01
경기도,의왕시,505-107,0E-10,0E-10,20190623,1.5,1.5,0.03,,다짐 불량,0,0,0,임시복구,록하드 임시 조치,0,2019-06-24,2019-06-24
경기도,의왕시,삼동 산 112,37.3152000000,126.9510000000,20210318,1,1,0.1,,,0,0,0,복구완료,소파 보수 조치,0,2021-03-19,0001-01-01
경기도,의왕시,의왕시 월암동 541,37.3088000000,126.9520000000,20210318,1.4,1.1,0.05,,자연침하,0,0,0,임시복구,록하드 임시 조치,0,2021-03-18,0001-01-01
경기도,의왕시,206-1,37.3561000000,126.9680000000,20210303,10,3,0.1,기타,상수관 공사 후 다짐 불량,0,0,0,복구완료,절삭 후 재포장,0,2021-03-04,0001-01-01
경기도,의왕시,253-8,37.3165000000,126.9430000000,20200922,1.5,1,0.05,,다짐(되메우기) 불량,0,0,0,임시복구,록하드 임시 조치,0,2020-09-22,0001-01-01
경기도,의왕시,505-79,0E-10,0E-10,20190701,1.5,1.7,0.1,,기타매설물 침하,0,0,0,복구완료,록하드 임시 조치,0,2019-07-03,0001-01-01
경기도,의정부시,효암로 23번길 14,0E-10,0E-10,20190911,1.5,1.5,0.1,,하수관 손상,0,0,0,복구완료,응급보수 및 하수관리과 인계,0,2019-09-13,0001-01-01
경기도,의정부시,114-25,37.7558000000,127.0460000000,20200824,2,15,0.2,,지하매설물 매설로인한 굴착 공사 후 다짐불량,0,0,0,복구완료,다짐(되메유기),0,2020-08-20,0001-01-01
경기도,의정부시,231,37.7326000000,127.0850000000,20240402,1.2,1.2,0.6,,다짐불량,0,0,0,복구완료,다짐 후 포장,1500000,2024-04-11,0001-01-01
경기도,의정부시,286-15,37.7203000000,127.0460000000,20240501,1,3,2,,배수설비 연결부 마감부분 노후로 인한 지반 침하,0,0,0,복구완료,하수관 보수 및 소파 보수 조치,3000000,2024-06-29,0001-01-01
경기도,의정부시,입석로 97,37.7552000000,127.0150000000,20210714,0.5,1,5,,,0,0,0,복구완료,복구완료,0,2021-07-14,0001-01-01
경기도,의정부시,462-15,37.7182000000,127.1030000000,20210813,8,8,5,,유수 흐름 및 강우로 인한 지반 연약,0,0,1,복구완료,복구완료,0,2021-08-14,0001-01-01
경기도,의정부시,산35-2 회룡폭포 근처 회룡사 진입도로,37.7197000000,127.0300000000,20220831,5,8,4.5,,집중호우로 인한 토사 유출,0,0,0,복구완료,"자갈 및 토사 채우기, 콘크리트 포장",0,2022-12-26,0001-01-01
경기도,의정부시,46,37.7326000000,127.0890000000,20230824,2.5,2,2.5,충척층,함몰위치에 인접한 우수관의 파손에 따른 우수 유출로 인해 인근 지하철 공사 개착구간으로 토사가 유실되어 함몰된 것으로 판단됨,0,0,0,복구완료,"파손된 우수관 임시복구, 콘크리트 및 토사 되메우기",0,2023-08-24,0001-01-01
경기도,이천시,"716, 산18-13",0E-10,0E-10,20191226,1,5,0.5,,전력관로공사 부실,0,0,1,복구완료,굴착부분 되메우기 재시공 및 포장 복구 완료,0,2019-12-31,0001-01-01
경기도,이천시,장호원리 368,37.1242000000,127.6180000000,20210303,1.5,1.5,1.5,기타,개인 배수설비 불량,0,0,0,복구완료,긴급 보수공사 실시,0,2021-03-03,0001-01-01
경기도,이천시,장호원리 656-3,37.1141000000,127.6320000000,20210525,1,10,1.5,기타,하수관 손상에 따른 토사 유실,0,0,0,복구완료,하수관로 보수 및 포장 완료,0,2021-05-25,0001-01-01
경기도,이천시,오남리 98-7,37.1071000000,127.6320000000,20210630,0.5,0.5,1,,하수관 손상에 따른 토사 유실,0,0,0,복구완료,하수관로 보수 및 포장 완료,0,2021-06-30,0001-01-01
경기도,이천시,769,37.2213000000,127.4540000000,20210503,1.7,2,1.4,기타,중차량(크레인) 무게로 싱크홀 발생,0,0,1,복구완료,싱크홀 부분보다 더 넓게 굴착 후 보수공사 진행중(임시복구 후 재복구)  2021.09.30. 준공 예정,0,2021-09-30,0001-01-01
경기도,이천시,481,37.2759000000,127.4440000000,20210606,1,1,1.8,기타,우수관 손상에 따른 싱크홀 발생,0,0,0,임시복구,"모래채움, 다짐 후 록하드로 임시복구",0,2021-06-06,0001-01-01
경기도,이천시,134-9,37.2887000000,127.4320000000,20230630,2,13,0.3,,관로 침하로 인한 도로침하,0,0,0,복구완료,아스콘 재포장,0,2023-07-03,0001-01-01
경기도,이천시,558-9,37.2971000000,127.4110000000,20220826,1.5,1.5,2,기타,여름철 집중호우에 따른 하수관 손상으로 우수 유출에 의한 침하,0,0,0,복구완료,긴급보수공사 실시,0,2022-10-15,0001-01-01
경기도,이천시,"378, 이천시청 주변 평산빌딩 앞",37.2753000000,127.4370000000,20230626,1.2,1.5,1.5,,도로 공사 당시 빗물받이 부실 시공으로 인한 지반침하,0,0,0,복구완료,굴착하여 원인 파악 후 원상 복구 조치,7000000,2023-06-28,0001-01-01
경기도,이천시,"147, 황수철 피자 앞",37.2816000000,127.4470000000,20230628,1.5,2,1.5,,우수관로 연결부위 부실 시공으로 인한 관파손에 따른 지반 침하,0,0,0,복구완료,굴착하여 원인 파악한 후 원상 복구 조치,7000000,2023-07-05,0001-01-01
경기도,이천시,모전리 968-13,37.3072000000,127.4640000000,20230630,1,1,1.3,,하수관로 주변 토사 유출로 인한 지반 침하,0,0,0,복구완료,굴착하여 원인 파악한 후 원상 복구 조치,5000000,2023-07-05,0001-01-01
경기도,이천시,동산리 309,37.2128000000,127.4010000000,20230510,3,43,0.5,,관로 침하로 인한 도로침하,0,0,0,복구완료,아스콘 재포장,0,2023-05-15,0001-01-01
경기도,이천시,관고동 28(관고동행정복지센터 앞 보도),37.2822000000,127.4380000000,20220816,1.5,1.5,2,기타,여름철 집중호우에 따른 하수관 손상으로 우수 유출에 의한 침하,0,0,0,복구완료,긴급보수공사 실시,0,2022-08-28,0001-01-01
경기도,파주시,228-2,37.9096000000,126.7310000000,20200804,2.5,6.5,1.1,,도로횡단배수관(갈비철관) 노후에 따른 관 부식에 따른 누수 발생으로 토사 유실,0,0,0,복구완료,횡단배수관 정비(갈비철관→조립식PC암거) 후 포장복구,0,2020-11-13,0001-01-01
경기도,파주시,322-28번지 일원,37.7668000000,126.7810000000,20241111,0.5,52,0.1,기타,아동동 243-9번지 일원 주유소 용지 내 오일탱크 증설 공사 중 인근 도로의 균열 및 침하발생,0,0,0,복구완료,원인 파악 후 되메우기,0,2025-01-25,0001-01-01
경기도,파주시,1004,37.7291000000,126.7150000000,20240203,4,5,2,,송전선로 매설공사(비개착 공법)에 따른 공동 발생 (추정),0,0,0,복구완료,되메우기,20000000,2024-02-29,0001-01-01
경기도,파주시,650,37.7241000000,126.6920000000,20240719,3,5,0.1,기타,임시가설수도관 파손,0,0,0,복구완료,폐공조치,0,2024-09-12,0001-01-01
경기도,파주시,667,37.7233000000,126.6920000000,20240720,3,55,0.3,기타,집중호우로 인한 오수관로 우수 유입 및 토사유실 및 저면 펄 유입,0,0,0,복구완료,지하수 유출 부위를 막음 조치치 후 하부 차수 그라우팅 및 웰 포인트 공법으로 지하수 유입 조절,0,2024-09-12,0001-01-01
경기도,파주시,689,37.7396000000,126.6900000000,20230824,6,10,4,,,0,0,1,복구완료,물고임 배수 중,0,2023-08-24,0001-01-01
경기도,파주시,667,37.7237000000,126.6930000000,20240730,3,5,0.2,기타,지하수 유입으로 인한 보일링현상,0,0,0,복구완료,시트파일 추가 시공 및 지하수 유출 부위 막음 조치,0,2024-09-12,0001-01-01
경기도,파주시,649,37.7234000000,126.6910000000,20240820,5,50,0.3,기타,시트 파일 시공장비로 인한 진동 및 하중에 의해 지반침하 발생 및 실트질의 액상화,0,0,0,복구완료,유수지 인접 흙막이 배면에 시트파일 추가 및 하부 차수그라우팅 및 웰 포인트 공법으로 지하수 유입 조절,0,2024-09-12,0001-01-01
경기도,파주시,650,37.7239000000,126.6930000000,20240909,3,25,0.05,기타,현장 인근 상수도관 파열로 인한 침하,0,0,0,복구완료,원인 확인 후 내부 토사를 복토하고 해당 부지에 몰탈 그라우팅을 주입하여 추가적 침하 방지,0,2024-09-12,0001-01-01
경기도,평택시,201-2,36.9882000000,127.0900000000,20240513,0.8,0.8,1,,노후 콘크리트 관 손상에 따른 침하,0,0,0,복구완료,긴급보수공사,44000000,2024-05-15,0001-01-01
경기도,평택시,방축리 287-9,37.0213000000,127.0510000000,20240409,1,1,1.5,기타,"노후 우수관 파손에 따른 주변 지반 유실,침하",0,0,0,복구완료,긴급보수공사,2000000,2024-04-09,0001-01-01
경기도,평택시,495번지 일원,37.0833000000,127.0640000000,20240725,0.5,0.5,1,기타,상수관로 배수관(D150mm) 지관 파열로 인한 소규모 싱크홀 발생,0,0,0,복구완료,상수관로 노후관 핀홀 부분 절단 후 신규관로 교체,15000000,2024-07-25,0001-01-01
경기도,평택시,수월암리 1060 (서탄로 495-56),37.1176000000,127.0170000000,20240731,0.5,0.5,1.1,충척층,- 맨홀과 우수관 연결부 틈새로 주변토사 및 우수 유.출입됨에 따라 인근 토사 유실. - 유실된 토사와 동시에 주변층 침하로 이어져 싱크홀 발생.,0,0,0,복구완료,"- 맨홀 내 유입구(D400)와 흄관(D600)규격 맞게 맨홀 외벽 깨기후 접합,    주변 몰탈 채움. - 되메우기 및 다짐 후 아스콘포장",3800000,2024-08-01,0001-01-01
경기도,평택시,671-8번지,37.0745000000,127.0540000000,20210723,0.8,5,1.4,,우수관(흄관600mm)과 접속관(흄관250mm)이음부 불량으로 인한 누수,0,0,0,복구완료,하수관로 누수 부위 몰탈처리 및 임시복구.,0,2021-07-24,0001-01-01
경기도,평택시,840-20,36.9975000000,127.1030000000,20210902,3,5,2,,배수관 600mm 볼트 부식 조인트 이탈,0,0,0,복구완료,"배수관 조인트 용접 이후 되메우기, 포장",57400000,2021-09-02,0001-01-01
경기도,평택시,346-13 일원(부영아파트사거리),37.0600000000,127.0650000000,20240624,1.5,2,1,기타,직경 600mm 상수도관 연결부(조인트) 누수로 인해 도로상 싱크홀 발생,0,0,1,복구완료,상수도관 연결부 체결 및 용접 완료 후 모래,10000000,2024-06-24,0001-01-01
경기도,평택시,648-2번지,36.9904000000,126.9130000000,20200706,3,3,3,,하수관 노후로 인한 관로 파손 및 누수에 따른 도로 침하,0,0,0,복구완료,되메우기 및 도로 복구 완료,0,2021-07-09,0001-01-01
경기도,포천시,410-2,37.8861000000,127.1920000000,20200804,1,1,1.5,,우수관 누수,0,0,0,복구완료,굴착부분 되메우기 재시공 및 포장 복구 완료,0,2020-12-31,0001-01-01
경기도,포천시,직동리 373,37.7733000000,127.1600000000,20230723,2,4,5,기타,우수관 노후화로 인한 누수,0,0,0,복구완료,2023. 7. 23. 13:20 : 포천시 도로과 → 일부 토사 채움 및 안전조치 완료,0,2023-08-31,0001-01-01
경기도,포천시,화현리 309-1번지 일원,37.9093000000,127.3000000000,20230509,1.5,1.5,1,기타,조사 필요,0,0,0,복구완료,국토안전관리원 조사 후 복구 시행,0,2023-07-31,0001-01-01
경기도,포천시,82-2번지 일원,37.9591000000,127.3190000000,20210222,0.15,0.15,3,기타,침하발생 위치에 접하여 D1000규모 우수관이 지나가는 것으로 보아 관로 손상에 의한 침하인 것으로 추정 됨,0,0,0,복구완료,도로과(유지보수팀)에 보수 요청 완료,0,2021-03-26,0001-01-01
경기도,하남시,26-15(지번),0E-10,0E-10,20190629,1.8,1.8,0.8,,다짐 불량,0,0,0,복구완료,흙 다지기 및 되메우기 재시공 및 포장 복구 완료,0,2019-06-29,2019-07-12
경기도,하남시,396-1번지,37.5409000000,127.2030000000,20200810,1.5,2.5,1.3,기타,하수관(흄관) 파손으로 싱크홀 발생,0,0,0,복구완료,1. 싱크홀 부분 굴착후 원인파악 2. 흄관 보강후 되메움 3. 자연침하 관리후 아스콘 포장,0,2020-08-20,0001-01-01
경기도,하남시,570번지 일원,37.5377000000,127.1700000000,20210712,1,1,0.5,기타,도로 다짐층 토사 유실,0,0,0,복구완료,토사유실 부분 되메우기 및 지반침하 예방을 위하여 우수관로 비굴착 보수완료,22000000,2021-08-27,0001-01-01
경기도,하남시,401-11번지,37.5409000000,127.2030000000,20200813,1.5,2.5,1.3,기타,하수관 연결부 불량으로 싱크홀 발생,0,0,0,복구완료,1. 싱크홀 부분 굴착후 원인파악 2. 연결부 보강후 되메움 3. 자연침하 관리후 아스콘 포장,0,2020-08-19,0001-01-01
경기도,하남시,260-8번지,37.5468000000,127.2140000000,20200728,1,1,1,기타,하수관 연결부 불량으로 싱크홀 발생,0,0,0,복구완료,1. 싱크홀 부분 굴착후 원인파악 2. 연결부 보강후 되메움 3. 자연침하 관리후 아스콘 포장,0,2020-07-28,0001-01-01
경기도,화성시,9-19인근,0E-10,0E-10,20200604,1,1.2,0.05,,다짐(되메우기) 불량,0,0,0,복구완료,침하 부분 재시공 및 하자보수 완료,0,2020-06-06,0001-01-01
경기도,화성시,남양읍 남양리 1865-8,0E-10,0E-10,20200525,1,1,0.05,,"기타(하자보수 기간 후, 자연침하)",0,0,0,복구완료,굴착부분 되메우기 재시공 및 포장 복구 완료,0,2020-05-27,0001-01-01
경기도,화성시,99,0E-10,0E-10,20200425,1,1,0.05,,"기타(하자보수기간 후, 자연 침하)",0,0,0,복구완료,굴착부분 되메우기 재시공 및 포장 복구 완료,0,2020-04-27,0001-01-01
경기도,화성시,132-1(황계남길 80),0E-10,0E-10,20190622,1,1,0.1,,"기타(하자보수 기간 후, 자연 침하)",0,0,0,복구완료,굴착부분 되메우기 재시공 및 포장 복구 완료,0,2019-06-23,2019-11-26
경기도,화성시,홍법리 510-2,37.1670000000,126.7200000000,20220413,1,1,0.05,,하자보수 기간 후 자연침하,0,0,0,복구완료,굴착부분 되메우기 재시공 및 포장 복구 완료,0,2022-04-13,0001-01-01
경기도,화성시,궁평리 611,37.1249000000,126.6940000000,20220427,1,1,0.05,,하자보수 기간 후 자연 침하,0,0,0,복구완료,굴착부분 되메우기 재시공 및 포장 복구 완료,0,2022-04-27,0001-01-01
경기도,화성시,사강리 704-6,37.2149000000,126.7310000000,20220526,1,1,0.05,,하자보수 기간 후 자연 침하,0,0,0,복구완료,굴착부분 되메우기 재시공 및 포장 복구 완료,0,2022-05-26,0001-01-01
경기도,화성시,문호리 801,37.2492000000,126.8050000000,20220606,1,1,0.05,,하자보수 기간 후 자연침하,0,0,0,복구완료,굴착부분 되메우기 재시공 및 포장 복구 완료,0,2022-06-06,0001-01-01
경기도,화성시,113-3,0E-10,0E-10,20190315,1,1,0.2,,"기타(하자보수 기간 후, 자연 침하)",0,0,0,복구완료,굴착부분 되메우기 재시공 및 포장 복구 완료,0,2019-03-16,2019-11-26
경기도,화성시,504-15,0E-10,0E-10,20190318,1,1.2,0.2,,다짐(되메우기) 불량,0,0,0,복구완료,침하 부분 재시공 및 하자보수 완료,0,2019-03-19,2019-11-26
경기도,화성시,390,0E-10,0E-10,20190422,1,1,0.2,,다짐(되메우기) 불량,0,0,0,복구완료,침하 부분 재시공 및 하자보수 완료,0,2019-04-23,2019-11-26
경기도,화성시,산 48-13,0E-10,0E-10,20200320,1,1,0.05,,"기타(하자보수 기간 후, 자연 침하)",0,0,0,복구완료,굴착부분 되메우기 재시공 및 포장 복구 완료,0,2020-03-22,0001-01-01
경기도,화성시,726-5,0E-10,0E-10,20200318,1,1.2,0.05,,"기타(하자보수 기간 후,자연 침하)",0,0,0,복구완료,굴착부분 되메우기 재시공 및 포장 복구 완료,0,2020-03-20,0001-01-01
경기도,화성시,777,37.1678000000,127.1190000000,20230117,3.5,2,0.2,,"물다짐 불량(한국지역난방공사 동탄지사 측 제출 위도: 37.167844, 경도: 127.118517)",0,0,0,복구완료,"아스팔트 임시포장, 경계석 보도블럭 복구",0,2023-01-19,0001-01-01
경기도,화성시,831,37.2500000000,126.8720000000,20210301,1,1,0.05,,하자보수 기간 후 자연침하,0,0,0,복구완료,굴착부분 되메우기 재시공 및 포장 복구 완료,0,2021-03-01,0001-01-01
경기도,화성시,469-1,37.2333000000,126.7070000000,20210330,1,1,0.05,,하자보수 기간 후 자연침하,0,0,0,복구완료,굴착부분 되메우기 재시공 및 포장 복구 완료,0,2021-03-30,0001-01-01
경기도,화성시,483-11,37.1668000000,126.8810000000,20210407,1,1,0.05,,하자보수 기간 후 자연 침하,0,0,0,복구완료,굴착부분 되메우기 재시공 및 포장 복구 완료,0,2021-04-07,0001-01-01
경기도,화성시,245-2,37.2295000000,127.0470000000,20210522,1,1.3,0.05,,하자보수 기간 후 자연침하,0,0,0,복구완료,굴착부분 되메우기 재시공 및 포장 복구 완료,0,2021-05-23,0001-01-01
경기도,화성시,365-8,37.1687000000,126.7040000000,20210524,1,1,0.05,,하자보수 기간 후 자연침하,0,0,0,복구완료,굴착부분 되메우기 재시공 및 포장 복구 완료,0,2021-05-24,0001-01-01
경기도,화성시,수화리 732-7,37.2493000000,126.8220000000,20221201,3,4,0.5,,우수맨홀 및 관로라인 주변부 포장 파손,0,0,0,복구완료,포장복구 완료,2716000,2022-12-09,0001-01-01
경기도,화성시,신남리 1478,37.1789000000,126.8000000000,20221201,1,10,1,,우수관로 파손에 따른 포장 파손,0,0,0,복구완료,우수관로 정비 및 포장 복구 완료,1230000,2022-12-02,0001-01-01
경기도,화성시,신남리 1337-1,37.1732000000,126.8020000000,20221115,1,1,0.5,,우수맨홀 주변부 도로 포장 파손,0,0,0,복구완료,맨홀 재설치 완료,3252000,2022-11-16,0001-01-01
경기도,화성시,구장리 76-2,37.1696000000,126.9010000000,20221118,3,2,0.5,,우수관로 라인 주변부 도로 포장 파손,0,0,0,복구완료,포장 복구 완료,1878000,2022-11-24,0001-01-01
경기도,화성시,화산리 160-4,37.0807000000,126.7940000000,20221012,2,2,0.5,,우수맨홀 주변부 도로 포장 파손,0,0,0,복구완료,포장복구완료,1795000,2022-10-12,0001-01-01
경기도,화성시,문호리 1078-6 일원,37.2497000000,126.7890000000,20220914,1,1,0.5,,하수맨홀 파손에 따른 토사 유실로 인한 지반함몰,0,0,0,복구완료,포장 복구 완료,3447000,2022-09-16,0001-01-01
경기도,화성시,106-9,0E-10,0E-10,20200211,1,1,0.05,,"기타(하자보수 기간 후, 자연 침하)",0,0,0,복구완료,굴착부분 되메우기 재시공 및 포장 복구 완료,0,2020-02-13,0001-01-01
경기도,화성시,736,37.2378000000,127.0620000000,20230626,0.7,18,1,,"시공 부실로 인한 1차 침하 발생, 이후 추가 유실되면서 기존 상수관 손상시켜 유실 깊이 증가",0,0,0,복구완료,해당 구간 통행 제한 임시 조치 및 중력식 옹벽 철거 후 재시공 계획,0,2023-07-24,0001-01-01
경기도,화성시,881-1,37.2126000000,127.0400000000,20201007,1.3,1,0.05,,하자보수 기간 후 자연침하,0,0,0,복구완료,굴착부분 되메우기 재시공 및 포장 복구 완료,0,2020-10-10,0001-01-01
경기도,화성시,95,37.2039000000,127.0700000000,20230814,2.5,2,4,,"2006년 동탄지구 조성 시 공원 부지 조성 전 A,B블럭 지하 연결통로 조성 시 마감 처리 미흡에 따른 우수 및 토사 유입에 따른 침하 발생 추정",0,0,0,복구완료,"임시 조치방안인 내부 토사채움 예정 단, 이해관계 부서 및 기관 등 협의를 통해 실시하여야 함",0,2024-03-30,0001-01-01
경기도,화성시,산24-1번지(동탄(2)택지C3블럭),0E-10,0E-10,20180408,5,25,18,,흙막이 배면 지층(암)의 절리면 사이로 우수가 유입되어 마찰력감소로 인하여 흙막이 전도사고 발생.(2018.04.08),0,0,0,복구완료,소일네일링과 어스앙카 추가공사를 진행하여 흙막이 전체의 안정화를 확보함,0,2018-05-31,2019-11-20
경기도,화성시,산7-1,37.2762000000,126.9220000000,20200727,1,1,0.05,,하자보수 기간 후 자연침하,0,0,0,복구완료,굴착부분 되메우기 재시공 및 포장 복구 완료,0,2020-07-29,0001-01-01
경기도,화성시,동탄신리천로5길 103-50,37.1894000000,127.1400000000,20200804,10,30,0.03,,집중호우로 인한 기타 매설물 손상,0,0,0,복구완료,긴급한 부분 응급조치,0,2021-02-28,0001-01-01
경기도,화성시,남양읍 북양리 113,37.2259000000,126.8410000000,20201106,1,1,0.05,,하자보수 기간 후 자연침하,0,0,0,복구완료,굴착부분 되메우기 재시공 및 포장 복구 완료,0,2020-11-08,0001-01-01
경기도,화성시,1-41,37.0989000000,126.8420000000,20200902,1,1,0.05,,하자보수 기간 후 자연침하,0,0,0,복구완료,굴착부분 되메우기 재시공 및 포장 복구 완료,0,2020-09-05,0001-01-01
경기도,화성시,47,37.2114000000,127.0810000000,20200811,10,40,0.05,,지하수위에 따른 지반 전면침하 추정,0,0,0,복구완료,침하부위 되메우기 복구 완료,0,2020-08-15,0001-01-01
경기도,,양지면 814,37.2329000000,127.2860000000,20200809,2,1.5,0.7,,하수관 파손으로 토사 유실 및 침하 발생,0,0,1,복구완료,하수관로 교체 및 아스콘 포장,0,2020-09-10,0001-01-01

